parentid,childid,date,sym,time,price,size
V001,V001_1,2020/12/2,000001.SZSE,9:25:00,19.93,25500
V001,V001_2,2020/12/2,000001.SZSE,9:31:45,19.82,3800
V001,V001_3,2020/12/2,000001.SZSE,9:32:12,19.89,13000
V001,V001_4,2020/12/2,000001.SZSE,9:32:54,19.97,38000
V001,V001_5,2020/12/2,000001.SZSE,9:33:39,20.0099,33300
V001,V001_6,2020/12/2,000001.SZSE,9:35:09,19.97,1900
V001,V001_7,2020/12/2,000001.SZSE,9:35:21,19.98,12600
V001,V001_8,2020/12/2,000001.SZSE,9:35:54,19.95,6800
V001,V001_9,2020/12/2,000001.SZSE,9:36:57,19.84,69300
V001,V001_10,2020/12/2,000001.SZSE,9:39:12,19.8,36800
V001,V001_11,2020/12/2,000001.SZSE,9:39:33,19.81,120000
V001,V001_12,2020/12/2,000001.SZSE,9:39:36,19.81,49200
V001,V001_13,2020/12/2,000001.SZSE,9:40:12,19.8,29500
V001,V001_14,2020/12/2,000001.SZSE,9:40:36,19.8,11900
V001,V001_15,2020/12/2,000001.SZSE,9:42:27,19.81,48200
V001,V001_16,2020/12/2,000001.SZSE,9:44:15,19.7799,16000
V001,V001_17,2020/12/2,000001.SZSE,9:44:24,19.8,600
V001,V001_18,2020/12/2,000001.SZSE,9:46:33,19.79,8100
V001,V001_19,2020/12/2,000001.SZSE,9:46:39,19.79,3000
V001,V001_20,2020/12/2,000001.SZSE,9:47:00,19.86,7100
V001,V001_21,2020/12/2,000001.SZSE,9:47:12,19.79,15100
V001,V001_22,2020/12/2,000001.SZSE,9:48:15,19.9,11100
V001,V001_23,2020/12/2,000001.SZSE,9:49:30,19.9399,9300
V001,V001_24,2020/12/2,000001.SZSE,9:49:48,19.9199,47400
V001,V001_25,2020/12/2,000001.SZSE,9:51:00,19.97,4400
V001,V001_26,2020/12/2,000001.SZSE,9:51:06,19.97,6400
V001,V001_27,2020/12/2,000001.SZSE,9:51:54,19.95,36300
V001,V001_28,2020/12/2,000001.SZSE,9:57:54,19.8699,2000
V001,V001_29,2020/12/2,000001.SZSE,10:00:12,19.81,1600
V001,V001_30,2020/12/2,000001.SZSE,10:05:18,19.82,1600
V001,V001_31,2020/12/2,000001.SZSE,10:09:45,19.79,2300
V001,V001_32,2020/12/2,000001.SZSE,10:12:12,19.7799,1600
V001,V001_33,2020/12/2,000001.SZSE,10:13:18,19.79,9600
V001,V001_34,2020/12/2,000001.SZSE,10:14:57,19.7799,700
V001,V001_35,2020/12/2,000001.SZSE,10:16:12,19.77,3100
V001,V001_36,2020/12/2,000001.SZSE,10:18:30,19.7799,300
V001,V001_37,2020/12/2,000001.SZSE,10:20:18,19.8499,2600
V001,V001_38,2020/12/2,000001.SZSE,10:22:54,19.86,1600
V001,V001_39,2020/12/2,000001.SZSE,10:23:54,19.88,8100
V001,V001_40,2020/12/2,000001.SZSE,10:25:36,19.86,1700
V001,V001_41,2020/12/2,000001.SZSE,10:26:54,19.88,2200
V001,V001_42,2020/12/2,000001.SZSE,10:30:12,19.91,10800
V001,V001_43,2020/12/2,000001.SZSE,10:31:09,19.9399,700
V001,V001_44,2020/12/2,000001.SZSE,10:33:42,19.8699,8900
V001,V001_45,2020/12/2,000001.SZSE,10:34:51,19.86,2900
V001,V001_46,2020/12/2,000001.SZSE,10:35:27,19.8499,700
V001,V001_47,2020/12/2,000001.SZSE,10:37:54,19.86,2100
V001,V001_48,2020/12/2,000001.SZSE,10:38:51,19.88,1600
V001,V001_49,2020/12/2,000001.SZSE,10:40:48,19.91,5300
V001,V001_50,2020/12/2,000001.SZSE,10:41:33,19.9399,1500
V001,V001_51,2020/12/2,000001.SZSE,10:42:48,19.9399,2600
V001,V001_52,2020/12/2,000001.SZSE,10:45:54,19.98,300
V001,V001_53,2020/12/2,000001.SZSE,10:46:12,19.95,600
V001,V001_54,2020/12/2,000001.SZSE,10:48:33,19.95,6300
V001,V001_55,2020/12/2,000001.SZSE,10:51:03,20.04,200
V001,V001_56,2020/12/2,000001.SZSE,10:51:54,20.05,4200
V001,V001_57,2020/12/2,000001.SZSE,10:53:27,19.98,300
V001,V001_58,2020/12/2,000001.SZSE,10:54:51,19.97,8300
V001,V001_59,2020/12/2,000001.SZSE,10:55:03,19.93,11600
V001,V001_60,2020/12/2,000001.SZSE,10:55:51,19.9199,20000
V001,V001_61,2020/12/2,000001.SZSE,10:56:48,19.91,7200
V001,V001_62,2020/12/2,000001.SZSE,10:57:42,19.88,300
V002,V002_20,2020/12/3,600030.SHSE,10:01:07,31.07,4300
V002,V002_21,2020/12/3,600030.SHSE,10:02:40,31.06,1300
V002,V002_22,2020/12/3,600030.SHSE,10:04:55,30.99,2000
V002,V002_23,2020/12/3,600030.SHSE,10:06:55,30.97,8300
V002,V002_24,2020/12/3,600030.SHSE,10:08:04,30.99,8200
V002,V002_25,2020/12/3,600030.SHSE,10:09:25,30.97,22900
V002,V002_26,2020/12/3,600030.SHSE,10:12:46,30.97,2600
V002,V002_27,2020/12/3,600030.SHSE,10:14:28,30.98,2400
V002,V002_28,2020/12/3,600030.SHSE,10:14:56,30.97,700
V002,V002_29,2020/12/3,600030.SHSE,10:15:28,30.96,1100
V002,V002_30,2020/12/3,600030.SHSE,10:16:01,30.96,7400
V002,V002_31,2020/12/3,600030.SHSE,10:17:31,30.95,8400
V002,V002_32,2020/12/3,600030.SHSE,10:17:58,30.95,2400
V002,V002_33,2020/12/3,600030.SHSE,10:21:18,30.95,800
V002,V002_34,2020/12/3,600030.SHSE,10:21:37,30.95,30000
V002,V002_35,2020/12/3,600030.SHSE,10:25:04,30.99,5400
V002,V002_36,2020/12/3,600030.SHSE,10:26:13,30.97,4900
V002,V002_37,2020/12/3,600030.SHSE,10:26:40,30.95,3000
V002,V002_38,2020/12/3,600030.SHSE,10:26:49,30.95,2400
V002,V002_39,2020/12/3,600030.SHSE,10:28:04,30.94,800
V002,V002_40,2020/12/3,600030.SHSE,10:29:13,31.02,2000
V002,V002_41,2020/12/3,600030.SHSE,10:29:31,31.02,4100
V002,V002_42,2020/12/3,600030.SHSE,10:30:25,31,1900
V002,V002_43,2020/12/3,600030.SHSE,10:30:55,30.97,100
V002,V002_44,2020/12/3,600030.SHSE,10:31:07,30.99,22100
V002,V002_45,2020/12/3,600030.SHSE,10:31:10,30.97,900
V002,V002_46,2020/12/3,600030.SHSE,10:35:13,30.87,22200
V002,V002_47,2020/12/3,600030.SHSE,10:38:04,30.9,3400
V002,V002_48,2020/12/3,600030.SHSE,10:38:28,30.9,14900
V002,V002_49,2020/12/3,600030.SHSE,10:39:06,30.91,11100
V002,V002_50,2020/12/3,600030.SHSE,10:40:25,30.96,5400
V002,V002_51,2020/12/3,600030.SHSE,10:43:55,31,19400
V002,V002_52,2020/12/3,600030.SHSE,10:45:16,30.97,4000
V002,V002_53,2020/12/3,600030.SHSE,10:45:52,30.98,1600
V002,V002_54,2020/12/3,600030.SHSE,10:46:01,30.97,2200
V002,V002_55,2020/12/3,600030.SHSE,10:46:25,30.96,4000
V002,V002_56,2020/12/3,600030.SHSE,10:47:08,30.94,100
V002,V002_57,2020/12/3,600030.SHSE,10:47:38,30.93,33400
V002,V002_58,2020/12/3,600030.SHSE,10:50:15,30.94,3800
V002,V002_59,2020/12/3,600030.SHSE,10:50:46,30.93,13500
V002,V002_60,2020/12/3,600030.SHSE,10:54:04,30.87,5100
V002,V002_61,2020/12/3,600030.SHSE,10:55:10,30.88,2900
V002,V002_62,2020/12/3,600030.SHSE,10:56:13,30.88,1800
V002,V002_63,2020/12/3,600030.SHSE,10:58:11,30.89,400
V002,V002_64,2020/12/3,600030.SHSE,10:58:52,30.95,600
V002,V002_65,2020/12/3,600030.SHSE,10:58:55,30.95,5900
V002,V002_66,2020/12/3,600030.SHSE,11:00:28,30.89,500
V002,V002_67,2020/12/3,600030.SHSE,11:01:04,30.88,4800
V002,V002_68,2020/12/3,600030.SHSE,11:02:33,30.85,1200
V002,V002_69,2020/12/3,600030.SHSE,11:02:50,30.82,11700
V002,V002_70,2020/12/3,600030.SHSE,11:03:28,30.85,10100
V002,V002_71,2020/12/3,600030.SHSE,11:04:13,30.88,300
V002,V002_72,2020/12/3,600030.SHSE,11:07:04,30.91,1200
V002,V002_73,2020/12/3,600030.SHSE,11:07:15,30.91,2100
V002,V002_74,2020/12/3,600030.SHSE,11:07:34,30.9,200
V002,V002_75,2020/12/3,600030.SHSE,11:08:02,30.9,1500
V002,V002_76,2020/12/3,600030.SHSE,11:09:31,30.93,1300
V002,V002_77,2020/12/3,600030.SHSE,11:11:50,30.95,2300
V002,V002_78,2020/12/3,600030.SHSE,11:12:13,30.97,3600
V002,V002_79,2020/12/3,600030.SHSE,11:18:11,30.98,400
V002,V002_80,2020/12/3,600030.SHSE,11:18:13,30.98,400
V002,V002_81,2020/12/3,600030.SHSE,11:18:30,30.97,100
V002,V002_82,2020/12/3,600030.SHSE,11:20:45,31.02,100
V002,V002_83,2020/12/3,600030.SHSE,11:21:54,30.98,2900
V002,V002_84,2020/12/3,600030.SHSE,11:27:01,31.05,14400
V002,V002_85,2020/12/3,600030.SHSE,11:28:01,31.03,600
V002,V002_86,2020/12/3,600030.SHSE,11:29:31,31.03,3300
V002,V002_87,2020/12/3,600030.SHSE,13:00:56,31.07,16500
V002,V002_88,2020/12/3,600030.SHSE,13:03:02,31.04,1900
V002,V002_89,2020/12/3,600030.SHSE,13:03:32,31.05,5200
V002,V002_90,2020/12/3,600030.SHSE,13:05:14,31.02,11800
V002,V002_91,2020/12/3,600030.SHSE,13:06:02,31.02,2100
V002,V002_92,2020/12/3,600030.SHSE,13:06:29,31.03,1100
V002,V002_93,2020/12/3,600030.SHSE,13:06:53,31.04,79900
V002,V002_94,2020/12/3,600030.SHSE,13:08:14,31.06,10700
V002,V002_95,2020/12/3,600030.SHSE,13:08:38,31.05,2900
V002,V002_96,2020/12/3,600030.SHSE,13:10:32,31.1,9300
V002,V002_97,2020/12/3,600030.SHSE,13:15:02,31.09,27400
V002,V002_98,2020/12/3,600030.SHSE,13:15:11,31.11,1200
V002,V002_99,2020/12/3,600030.SHSE,13:15:20,31.14,19700
V002,V002_100,2020/12/3,600030.SHSE,13:15:32,31.16,17700
V002,V002_101,2020/12/3,600030.SHSE,13:18:41,31.11,3100
V002,V002_102,2020/12/3,600030.SHSE,13:18:46,31.12,4300
V002,V002_103,2020/12/3,600030.SHSE,13:19:23,31.1,20200
V002,V002_104,2020/12/3,600030.SHSE,13:19:55,31.08,4400
V002,V002_105,2020/12/3,600030.SHSE,13:20:14,31.08,14500
V002,V002_106,2020/12/3,600030.SHSE,13:20:50,31.06,6900
V002,V002_107,2020/12/3,600030.SHSE,13:22:28,31.09,100
V002,V002_108,2020/12/3,600030.SHSE,13:23:09,31.1,100
V002,V002_109,2020/12/3,600030.SHSE,13:25:40,31.09,1400
V002,V002_110,2020/12/3,600030.SHSE,13:27:35,31.11,10100
V002,V002_111,2020/12/3,600030.SHSE,13:28:44,31.07,2200
V002,V002_112,2020/12/3,600030.SHSE,13:29:05,31.06,400
V002,V002_113,2020/12/3,600030.SHSE,13:29:53,31.06,4800
V002,V002_114,2020/12/3,600030.SHSE,13:30:17,31.05,25700
V002,V002_115,2020/12/3,600030.SHSE,13:33:07,31.03,500
V002,V002_116,2020/12/3,600030.SHSE,13:34:05,31.02,8200
V002,V002_117,2020/12/3,600030.SHSE,13:34:11,31.02,2400
V002,V002_118,2020/12/3,600030.SHSE,13:34:40,31.01,100
V002,V002_119,2020/12/3,600030.SHSE,13:35:31,31.02,500
V002,V002_120,2020/12/3,600030.SHSE,13:36:29,31.02,4200
V002,V002_121,2020/12/3,600030.SHSE,13:38:23,31,9400
V002,V002_122,2020/12/3,600030.SHSE,13:39:17,31.04,200
V002,V002_123,2020/12/3,600030.SHSE,13:42:22,31.03,1000
V002,V002_124,2020/12/3,600030.SHSE,13:43:17,31.04,800
V002,V002_125,2020/12/3,600030.SHSE,13:44:53,31.08,10500
V002,V002_126,2020/12/3,600030.SHSE,13:47:33,31.02,100
V002,V002_127,2020/12/3,600030.SHSE,13:47:38,31.02,8700
V002,V002_128,2020/12/3,600030.SHSE,13:48:37,31.02,4500
V002,V002_129,2020/12/3,600030.SHSE,13:48:44,31.03,1700
V002,V002_130,2020/12/3,600030.SHSE,13:50:20,31,12900
V002,V002_131,2020/12/3,600030.SHSE,13:50:26,30.99,1400
V002,V002_132,2020/12/3,600030.SHSE,13:51:41,30.95,2000
V002,V002_133,2020/12/3,600030.SHSE,13:52:36,30.93,3100
V002,V002_134,2020/12/3,600030.SHSE,13:57:14,30.92,3100
V002,V002_135,2020/12/3,600030.SHSE,13:57:39,30.91,2700
V002,V002_136,2020/12/3,600030.SHSE,13:59:44,30.94,1700
V003,V003_1,2020/12/9,000001.SZSE,9:25:00,18.79,23500
V003,V003_2,2020/12/9,000001.SZSE,9:31:12,18.93,78900
V003,V003_3,2020/12/9,000001.SZSE,9:31:39,18.9,2200
V003,V003_4,2020/12/9,000001.SZSE,9:31:57,18.91,9900
V003,V003_5,2020/12/9,000001.SZSE,9:33:06,18.97,68200
V003,V003_6,2020/12/9,000001.SZSE,9:42:42,18.88,6700
V003,V003_7,2020/12/9,000001.SZSE,9:43:57,18.95,200
V003,V003_8,2020/12/9,000001.SZSE,9:44:12,18.93,2200
V003,V003_9,2020/12/9,000001.SZSE,9:45:06,18.9399,17500
V003,V003_10,2020/12/9,000001.SZSE,9:45:45,18.89,14500
V003,V003_11,2020/12/9,000001.SZSE,9:51:39,18.88,3700
V003,V003_12,2020/12/9,000001.SZSE,9:51:45,18.8699,8500
V003,V003_13,2020/12/9,000001.SZSE,9:54:06,18.89,400
V004,V004_1,2020/12/14,600030.SHSE,9:30:20,28.82,12400
V004,V004_2,2020/12/14,600030.SHSE,9:34:47,28.65,300
V004,V004_3,2020/12/14,600030.SHSE,9:39:35,28.72,18700
V004,V004_4,2020/12/14,600030.SHSE,9:44:54,28.89,12000
V004,V004_5,2020/12/14,600030.SHSE,9:46:50,28.85,2400
V004,V004_6,2020/12/14,600030.SHSE,9:49:47,28.81,7200
V004,V004_7,2020/12/14,600030.SHSE,9:51:29,28.83,800
V004,V004_8,2020/12/14,600030.SHSE,9:53:14,28.83,200
V004,V004_9,2020/12/14,600030.SHSE,9:57:03,28.77,700
V004,V004_10,2020/12/14,600030.SHSE,9:57:56,28.8,10500
V004,V004_11,2020/12/14,600030.SHSE,10:00:51,28.76,7000
V004,V004_12,2020/12/14,600030.SHSE,10:05:33,28.81,25200
V004,V004_13,2020/12/14,600030.SHSE,10:05:42,28.81,1900
V004,V004_14,2020/12/14,600030.SHSE,10:06:11,28.8,8300
V004,V004_15,2020/12/14,600030.SHSE,10:08:14,28.78,900
V004,V004_16,2020/12/14,600030.SHSE,10:08:33,28.78,200
V004,V004_17,2020/12/14,600030.SHSE,10:09:27,28.79,500
V004,V004_18,2020/12/14,600030.SHSE,10:12:24,28.81,4000
V004,V004_19,2020/12/14,600030.SHSE,10:12:32,28.81,400
V004,V004_20,2020/12/14,600030.SHSE,10:13:12,28.8,2000
V004,V004_21,2020/12/14,600030.SHSE,10:13:26,28.8,4300
V004,V004_22,2020/12/14,600030.SHSE,10:13:29,28.81,500
V004,V004_23,2020/12/14,600030.SHSE,10:16:24,28.75,27600
V004,V004_24,2020/12/14,600030.SHSE,10:16:26,28.76,5300
V004,V004_25,2020/12/14,600030.SHSE,10:16:47,28.76,100
V004,V004_26,2020/12/14,600030.SHSE,10:19:24,28.75,2000
V004,V004_27,2020/12/14,600030.SHSE,10:19:30,28.77,7800
V004,V004_28,2020/12/14,600030.SHSE,10:20:26,28.78,2700
V004,V004_29,2020/12/14,600030.SHSE,10:20:32,28.76,3900
V004,V004_30,2020/12/14,600030.SHSE,10:21:14,28.77,100
V004,V004_31,2020/12/14,600030.SHSE,10:22:14,28.77,4300
V004,V004_32,2020/12/14,600030.SHSE,10:22:21,28.79,27200
V004,V004_33,2020/12/14,600030.SHSE,10:23:00,28.76,3300
V004,V004_34,2020/12/14,600030.SHSE,10:24:38,28.79,100
V004,V004_35,2020/12/14,600030.SHSE,10:25:03,28.79,5500
V004,V004_36,2020/12/14,600030.SHSE,10:26:14,28.79,700
V004,V004_37,2020/12/14,600030.SHSE,10:29:28,28.83,100
V004,V004_38,2020/12/14,600030.SHSE,10:31:12,28.81,3800
V004,V004_39,2020/12/14,600030.SHSE,10:31:44,28.81,500
V004,V004_40,2020/12/14,600030.SHSE,10:32:03,28.83,1300
V004,V004_41,2020/12/14,600030.SHSE,10:32:36,28.85,4500
V004,V004_42,2020/12/14,600030.SHSE,10:32:51,28.85,2600
V004,V004_43,2020/12/14,600030.SHSE,10:34:09,28.82,800
V004,V004_44,2020/12/14,600030.SHSE,10:35:48,28.86,8900
V004,V004_45,2020/12/14,600030.SHSE,10:37:12,28.89,3100
V004,V004_46,2020/12/14,600030.SHSE,10:38:03,28.9,6300
V004,V004_47,2020/12/14,600030.SHSE,10:38:06,28.9,13200
V004,V004_48,2020/12/14,600030.SHSE,10:38:18,28.89,15600
V004,V004_49,2020/12/14,600030.SHSE,10:38:36,28.89,18600
V004,V004_50,2020/12/14,600030.SHSE,10:38:38,28.89,13800
V004,V004_51,2020/12/14,600030.SHSE,10:40:33,28.85,1900
V004,V004_52,2020/12/14,600030.SHSE,10:41:14,28.86,1200
V004,V004_53,2020/12/14,600030.SHSE,10:43:42,28.85,2900
V004,V004_54,2020/12/14,600030.SHSE,10:44:26,28.85,400
V004,V004_55,2020/12/14,600030.SHSE,10:45:11,28.87,500
V004,V004_56,2020/12/14,600030.SHSE,10:45:50,28.83,100
V004,V004_57,2020/12/14,600030.SHSE,10:45:59,28.84,7000
V004,V004_58,2020/12/14,600030.SHSE,10:47:38,28.82,1200
V004,V004_59,2020/12/14,600030.SHSE,10:48:15,28.83,1400
V004,V004_60,2020/12/14,600030.SHSE,10:49:57,28.83,3400
V004,V004_61,2020/12/14,600030.SHSE,10:50:41,28.85,2900
V004,V004_62,2020/12/14,600030.SHSE,10:53:39,28.84,2400
V004,V004_63,2020/12/14,600030.SHSE,10:55:45,28.82,3400
V004,V004_64,2020/12/14,600030.SHSE,10:57:20,28.82,1800
V004,V004_65,2020/12/14,600030.SHSE,10:58:18,28.82,1300
V004,V004_66,2020/12/14,600030.SHSE,10:58:38,28.84,100
V004,V004_67,2020/12/14,600030.SHSE,10:58:41,28.83,200
V004,V004_68,2020/12/14,600030.SHSE,10:59:05,28.84,600
V004,V004_69,2020/12/14,600030.SHSE,10:59:53,28.87,1300
V004,V004_70,2020/12/14,600030.SHSE,11:00:26,28.89,700
V004,V004_71,2020/12/14,600030.SHSE,11:01:26,28.84,1100
V004,V004_72,2020/12/14,600030.SHSE,11:01:44,28.84,100
V004,V004_73,2020/12/14,600030.SHSE,11:02:27,28.84,5800
V004,V004_74,2020/12/14,600030.SHSE,11:03:00,28.84,2000
V004,V004_75,2020/12/14,600030.SHSE,11:03:17,28.84,100
V004,V004_76,2020/12/14,600030.SHSE,11:03:27,28.84,4600
V004,V004_77,2020/12/14,600030.SHSE,11:04:45,28.86,3500
V004,V004_78,2020/12/14,600030.SHSE,11:05:50,28.86,900
V004,V004_79,2020/12/14,600030.SHSE,11:07:38,28.85,400
V004,V004_80,2020/12/14,600030.SHSE,11:08:23,28.84,1600
V004,V004_81,2020/12/14,600030.SHSE,11:09:17,28.83,600
V004,V004_82,2020/12/14,600030.SHSE,11:11:12,28.8,2400
V004,V004_83,2020/12/14,600030.SHSE,11:15:15,28.82,2200
V004,V004_84,2020/12/14,600030.SHSE,11:18:38,28.83,900
V004,V004_85,2020/12/14,600030.SHSE,11:18:53,28.84,600
V004,V004_86,2020/12/14,600030.SHSE,11:19:00,28.83,10200
V004,V004_87,2020/12/14,600030.SHSE,11:21:59,28.86,8300
V004,V004_88,2020/12/14,600030.SHSE,11:22:21,28.87,6000
V004,V004_89,2020/12/14,600030.SHSE,11:25:42,28.88,200
V004,V004_90,2020/12/14,600030.SHSE,11:25:53,28.88,100
V004,V004_91,2020/12/14,600030.SHSE,11:26:08,28.88,100
V004,V004_92,2020/12/14,600030.SHSE,11:26:35,28.86,1300
V004,V004_93,2020/12/14,600030.SHSE,11:28:03,28.88,1400
V004,V004_94,2020/12/14,600030.SHSE,11:29:18,28.88,1600
V004,V004_95,2020/12/14,600030.SHSE,13:02:09,28.83,2400
V004,V004_96,2020/12/14,600030.SHSE,13:03:48,28.83,1300
V004,V004_97,2020/12/14,600030.SHSE,13:04:24,28.82,2500
V004,V004_98,2020/12/14,600030.SHSE,13:05:23,28.83,13800
V004,V004_99,2020/12/14,600030.SHSE,13:05:57,28.84,1900
V004,V004_100,2020/12/14,600030.SHSE,13:07:04,28.82,2000
V004,V004_101,2020/12/14,600030.SHSE,13:07:24,28.83,1700
V004,V004_102,2020/12/14,600030.SHSE,13:08:42,28.82,5900
V004,V004_103,2020/12/14,600030.SHSE,13:10:30,28.81,3200
V004,V004_104,2020/12/14,600030.SHSE,13:11:30,28.77,7200
V004,V004_105,2020/12/14,600030.SHSE,13:11:39,28.77,14500
V004,V004_106,2020/12/14,600030.SHSE,13:13:03,28.78,16000
V004,V004_107,2020/12/14,600030.SHSE,13:14:03,28.79,1200
V004,V004_108,2020/12/14,600030.SHSE,13:21:18,28.8,1200
V004,V004_109,2020/12/14,600030.SHSE,13:23:24,28.83,6100
V004,V004_110,2020/12/14,600030.SHSE,13:24:26,28.81,3200
V004,V004_111,2020/12/14,600030.SHSE,13:24:30,28.8,600
V004,V004_112,2020/12/14,600030.SHSE,13:24:51,28.82,500
V004,V004_113,2020/12/14,600030.SHSE,13:26:42,28.81,900
V004,V004_114,2020/12/14,600030.SHSE,13:27:42,28.81,1500
V004,V004_115,2020/12/14,600030.SHSE,13:29:33,28.8,800
V004,V004_116,2020/12/14,600030.SHSE,13:29:48,28.79,1100
V004,V004_117,2020/12/14,600030.SHSE,13:32:38,28.82,300
V004,V004_118,2020/12/14,600030.SHSE,13:32:51,28.82,2700
V004,V004_119,2020/12/14,600030.SHSE,13:33:13,28.82,18700
V004,V004_120,2020/12/14,600030.SHSE,13:34:41,28.83,1500
V004,V004_121,2020/12/14,600030.SHSE,13:36:12,28.8,1800
V004,V004_122,2020/12/14,600030.SHSE,13:38:09,28.8,1800
V004,V004_123,2020/12/14,600030.SHSE,13:39:30,28.82,1100
V004,V004_124,2020/12/14,600030.SHSE,13:41:30,28.81,19100
V004,V004_125,2020/12/14,600030.SHSE,13:43:54,28.79,4800
V004,V004_126,2020/12/14,600030.SHSE,13:45:21,28.78,1900
V004,V004_127,2020/12/14,600030.SHSE,13:46:24,28.77,7100
V004,V004_128,2020/12/14,600030.SHSE,13:46:33,28.8,1100
V004,V004_129,2020/12/14,600030.SHSE,13:48:06,28.78,1700
V004,V004_130,2020/12/14,600030.SHSE,13:48:09,28.77,30700
V004,V004_131,2020/12/14,600030.SHSE,13:48:27,28.77,6600
V004,V004_132,2020/12/14,600030.SHSE,13:48:56,28.78,34000
V004,V004_133,2020/12/14,600030.SHSE,13:49:27,28.77,4700
V004,V004_134,2020/12/14,600030.SHSE,13:49:36,28.77,7000
V004,V004_135,2020/12/14,600030.SHSE,13:50:18,28.75,7800
V004,V004_136,2020/12/14,600030.SHSE,13:51:24,28.8,10900
V004,V004_137,2020/12/14,600030.SHSE,13:52:27,28.78,7200
V004,V004_138,2020/12/14,600030.SHSE,13:53:58,28.77,600
V004,V004_139,2020/12/14,600030.SHSE,13:55:18,28.74,8900
V004,V004_140,2020/12/14,600030.SHSE,13:56:48,28.73,17100
V004,V004_141,2020/12/14,600030.SHSE,13:57:21,28.73,2000
V004,V004_142,2020/12/14,600030.SHSE,13:57:51,28.75,1500
V004,V004_143,2020/12/14,600030.SHSE,13:58:15,28.72,5300
V004,V004_144,2020/12/14,600030.SHSE,13:59:39,28.78,1100
V004,V004_145,2020/12/14,600030.SHSE,13:59:56,28.76,2500
V004,V004_146,2020/12/14,600030.SHSE,14:00:04,28.77,1800
V004,V004_147,2020/12/14,600030.SHSE,14:01:03,28.75,600
V004,V004_148,2020/12/14,600030.SHSE,14:01:21,28.74,5000
V004,V004_149,2020/12/14,600030.SHSE,14:01:51,28.75,12900
V004,V004_150,2020/12/14,600030.SHSE,14:03:48,28.8,6100
V004,V004_151,2020/12/14,600030.SHSE,14:04:03,28.8,22200
V004,V004_152,2020/12/14,600030.SHSE,14:05:21,28.79,200
V004,V004_153,2020/12/14,600030.SHSE,14:06:42,28.78,6300
V004,V004_154,2020/12/14,600030.SHSE,14:09:12,28.77,200
V004,V004_155,2020/12/14,600030.SHSE,14:11:39,28.8,300
V004,V004_156,2020/12/14,600030.SHSE,14:13:21,28.83,2400
V004,V004_157,2020/12/14,600030.SHSE,14:14:26,28.82,100
V004,V004_158,2020/12/14,600030.SHSE,14:15:00,28.81,900
V004,V004_159,2020/12/14,600030.SHSE,14:16:50,28.85,1500
V004,V004_160,2020/12/14,600030.SHSE,14:17:43,28.87,5900
V004,V004_161,2020/12/14,600030.SHSE,14:17:45,28.86,2800
V004,V004_162,2020/12/14,600030.SHSE,14:18:21,28.86,3700
V004,V004_163,2020/12/14,600030.SHSE,14:18:36,28.84,18200
V004,V004_164,2020/12/14,600030.SHSE,14:18:45,28.84,14700
V004,V004_165,2020/12/14,600030.SHSE,14:19:48,28.86,200
V004,V004_166,2020/12/14,600030.SHSE,14:22:03,28.81,39400
V004,V004_167,2020/12/14,600030.SHSE,14:22:17,28.81,3200
V004,V004_168,2020/12/14,600030.SHSE,14:24:54,28.8,6900
V004,V004_169,2020/12/14,600030.SHSE,14:25:15,28.81,7400
V004,V004_170,2020/12/14,600030.SHSE,14:26:15,28.81,100
V004,V004_171,2020/12/14,600030.SHSE,14:26:42,28.81,100
V004,V004_172,2020/12/14,600030.SHSE,14:27:42,28.82,300
V004,V004_173,2020/12/14,600030.SHSE,14:29:12,28.83,8300
V004,V004_174,2020/12/14,600030.SHSE,14:32:56,28.84,6100
V004,V004_175,2020/12/14,600030.SHSE,14:33:09,28.86,200
V004,V004_176,2020/12/14,600030.SHSE,14:36:24,28.85,1600
V004,V004_177,2020/12/14,600030.SHSE,14:36:55,28.87,4200
V004,V004_178,2020/12/14,600030.SHSE,14:38:47,28.86,3400
V004,V004_179,2020/12/14,600030.SHSE,14:39:11,28.87,6600
V004,V004_180,2020/12/14,600030.SHSE,14:39:36,28.85,7900
V004,V004_181,2020/12/14,600030.SHSE,14:39:57,28.87,3600
V004,V004_182,2020/12/14,600030.SHSE,14:45:25,28.85,200
V004,V004_183,2020/12/14,600030.SHSE,14:47:09,28.85,300
V004,V004_184,2020/12/14,600030.SHSE,14:47:15,28.85,23000
V004,V004_185,2020/12/14,600030.SHSE,14:48:27,28.85,600
V004,V004_186,2020/12/14,600030.SHSE,14:51:39,28.83,300
V004,V004_187,2020/12/14,600030.SHSE,14:52:13,28.84,6000
V004,V004_188,2020/12/14,600030.SHSE,14:52:21,28.84,600
V004,V004_189,2020/12/14,600030.SHSE,14:53:21,28.83,1900
V004,V004_190,2020/12/14,600030.SHSE,14:55:01,28.8,22000
V004,V004_191,2020/12/14,600030.SHSE,14:55:27,28.8,700
V004,V004_192,2020/12/14,600030.SHSE,15:00:00,28.84,32300
V005,V005_1,2020/12/15,000001.SZSE,9:25:00,18.8,13000
V005,V005_2,2020/12/15,000001.SZSE,9:30:54,18.7,9000
V005,V005_3,2020/12/15,000001.SZSE,9:31:36,18.66,21300
V005,V005_4,2020/12/15,000001.SZSE,9:33:51,18.54,9600
V005,V005_5,2020/12/15,000001.SZSE,9:34:27,18.54,26900
V005,V005_6,2020/12/15,000001.SZSE,9:35:21,18.46,5700
V005,V005_7,2020/12/15,000001.SZSE,9:36:33,18.4899,3600
V005,V005_8,2020/12/15,000001.SZSE,9:38:00,18.4899,9900
V005,V005_9,2020/12/15,000001.SZSE,9:39:48,18.39,31100
V005,V005_10,2020/12/15,000001.SZSE,9:42:33,18.3499,8100
V005,V005_11,2020/12/15,000001.SZSE,9:42:51,18.3299,7500
V005,V005_12,2020/12/15,000001.SZSE,9:44:09,18.3299,5100
V005,V005_13,2020/12/15,000001.SZSE,9:44:30,18.36,5400
V005,V005_14,2020/12/15,000001.SZSE,9:45:12,18.3499,57300
V005,V005_15,2020/12/15,000001.SZSE,9:47:09,18.3299,12700
V005,V005_16,2020/12/15,000001.SZSE,9:47:57,18.4399,12200
V005,V005_17,2020/12/15,000001.SZSE,9:48:21,18.4,5900
V005,V005_18,2020/12/15,000001.SZSE,9:50:12,18.3499,19700
V005,V005_19,2020/12/15,000001.SZSE,9:50:24,18.3499,1700
V005,V005_20,2020/12/15,000001.SZSE,9:51:06,18.2799,122700
V005,V005_21,2020/12/15,000001.SZSE,9:52:27,18.3,15400
V005,V005_22,2020/12/15,000001.SZSE,9:54:36,18.3299,3300
V005,V005_23,2020/12/15,000001.SZSE,9:55:51,18.32,200
V005,V005_24,2020/12/15,000001.SZSE,9:56:03,18.32,8200
V005,V005_25,2020/12/15,000001.SZSE,9:56:09,18.32,1500
V005,V005_26,2020/12/15,000001.SZSE,9:57:12,18.31,1000
V005,V005_27,2020/12/15,000001.SZSE,9:59:33,18.32,2400
V005,V005_28,2020/12/15,000001.SZSE,10:00:21,18.29,2100
V005,V005_29,2020/12/15,000001.SZSE,10:01:09,18.2799,11600
V005,V005_30,2020/12/15,000001.SZSE,10:03:30,18.2599,23900
V005,V005_31,2020/12/15,000001.SZSE,10:03:51,18.25,48800
V005,V005_32,2020/12/15,000001.SZSE,10:04:21,18.18,7100
V005,V005_33,2020/12/15,000001.SZSE,10:05:15,18.1699,4500
V005,V005_34,2020/12/15,000001.SZSE,10:05:45,18.21,9900
V005,V005_35,2020/12/15,000001.SZSE,10:07:06,18.23,2900
V005,V005_36,2020/12/15,000001.SZSE,10:07:09,18.22,3900
V005,V005_37,2020/12/15,000001.SZSE,10:07:21,18.22,1800
V005,V005_38,2020/12/15,000001.SZSE,10:11:45,18.1899,5000
V005,V005_39,2020/12/15,000001.SZSE,10:12:06,18.16,4300
V005,V005_40,2020/12/15,000001.SZSE,10:13:09,18.22,1100
V005,V005_41,2020/12/15,000001.SZSE,10:13:15,18.25,46200
V005,V005_42,2020/12/15,000001.SZSE,10:17:27,18.32,1000
V005,V005_43,2020/12/15,000001.SZSE,10:17:39,18.34,19500
V005,V005_44,2020/12/15,000001.SZSE,10:20:00,18.3299,13000
V005,V005_45,2020/12/15,000001.SZSE,10:22:24,18.29,2200
V005,V005_46,2020/12/15,000001.SZSE,10:22:33,18.31,8700
V005,V005_47,2020/12/15,000001.SZSE,10:23:09,18.3299,700
V005,V005_48,2020/12/15,000001.SZSE,10:23:45,18.3699,14500
V005,V005_49,2020/12/15,000001.SZSE,10:24:57,18.38,100
V005,V005_50,2020/12/15,000001.SZSE,10:25:18,18.4,36800
V005,V005_51,2020/12/15,000001.SZSE,10:25:33,18.4,2700
V005,V005_52,2020/12/15,000001.SZSE,10:26:42,18.3499,2200
V005,V005_53,2020/12/15,000001.SZSE,10:28:27,18.38,100
V005,V005_54,2020/12/15,000001.SZSE,10:30:42,18.4,7800
V005,V005_55,2020/12/15,000001.SZSE,10:34:24,18.47,800
V005,V005_56,2020/12/15,000001.SZSE,10:38:12,18.46,3000
V005,V005_57,2020/12/15,000001.SZSE,10:40:51,18.4899,13100
V005,V005_58,2020/12/15,000001.SZSE,10:41:36,18.48,6100
V005,V005_59,2020/12/15,000001.SZSE,10:42:00,18.46,1200
V005,V005_60,2020/12/15,000001.SZSE,10:44:09,18.46,12500
V005,V005_61,2020/12/15,000001.SZSE,10:48:48,18.41,8900
V005,V005_62,2020/12/15,000001.SZSE,10:49:21,18.4199,4000
V005,V005_63,2020/12/15,000001.SZSE,10:51:30,18.38,2200
V005,V005_64,2020/12/15,000001.SZSE,10:52:36,18.3499,400
V005,V005_65,2020/12/15,000001.SZSE,10:53:42,18.34,4900
V005,V005_66,2020/12/15,000001.SZSE,10:55:18,18.3499,4100
V005,V005_67,2020/12/15,000001.SZSE,10:56:18,18.3699,1200
V005,V005_68,2020/12/15,000001.SZSE,11:00:00,18.39,300
V005,V005_69,2020/12/15,000001.SZSE,11:00:27,18.36,1400
V005,V005_70,2020/12/15,000001.SZSE,11:00:33,18.3699,11200
V005,V005_71,2020/12/15,000001.SZSE,11:00:51,18.34,700
V005,V005_72,2020/12/15,000001.SZSE,11:01:06,18.3299,12300
V005,V005_73,2020/12/15,000001.SZSE,11:01:57,18.3699,1300
V005,V005_74,2020/12/15,000001.SZSE,11:03:06,18.3499,5600
V005,V005_75,2020/12/15,000001.SZSE,11:03:45,18.3299,1000
V005,V005_76,2020/12/15,000001.SZSE,11:07:12,18.31,100
V005,V005_77,2020/12/15,000001.SZSE,11:09:33,18.39,10700
V005,V005_78,2020/12/15,000001.SZSE,11:10:12,18.39,1900
V005,V005_79,2020/12/15,000001.SZSE,11:11:42,18.41,700
V005,V005_80,2020/12/15,000001.SZSE,11:12:33,18.43,800
V005,V005_81,2020/12/15,000001.SZSE,11:13:15,18.4399,4800
V005,V005_82,2020/12/15,000001.SZSE,11:13:36,18.4399,1800
V005,V005_83,2020/12/15,000001.SZSE,11:13:42,18.43,1400
V005,V005_84,2020/12/15,000001.SZSE,11:14:03,18.4399,4400
V005,V005_85,2020/12/15,000001.SZSE,11:14:15,18.4399,700
V005,V005_86,2020/12/15,000001.SZSE,11:15:36,18.4399,10500
V005,V005_87,2020/12/15,000001.SZSE,11:15:48,18.4399,2700
V005,V005_88,2020/12/15,000001.SZSE,11:16:24,18.43,2500
V005,V005_89,2020/12/15,000001.SZSE,11:17:27,18.45,4100
V005,V005_90,2020/12/15,000001.SZSE,11:18:24,18.43,700
V005,V005_91,2020/12/15,000001.SZSE,11:20:36,18.4,9800
V005,V005_92,2020/12/15,000001.SZSE,11:21:45,18.39,200
V005,V005_93,2020/12/15,000001.SZSE,11:25:27,18.3699,1300
V005,V005_94,2020/12/15,000001.SZSE,11:25:51,18.3699,400
V005,V005_95,2020/12/15,000001.SZSE,11:29:00,18.43,200
V005,V005_96,2020/12/15,000001.SZSE,13:00:03,18.41,59700
V005,V005_97,2020/12/15,000001.SZSE,13:00:57,18.43,800
V005,V005_98,2020/12/15,000001.SZSE,13:01:06,18.43,900
V005,V005_99,2020/12/15,000001.SZSE,13:01:12,18.4399,5800
V005,V005_100,2020/12/15,000001.SZSE,13:02:18,18.4399,100
V005,V005_101,2020/12/15,000001.SZSE,13:02:33,18.43,300
V005,V005_102,2020/12/15,000001.SZSE,13:02:42,18.4399,100
V005,V005_103,2020/12/15,000001.SZSE,13:03:39,18.4899,2200
V005,V005_104,2020/12/15,000001.SZSE,13:05:39,18.5,3100
V005,V005_105,2020/12/15,000001.SZSE,13:06:42,18.52,900
V005,V005_106,2020/12/15,000001.SZSE,13:07:27,18.5099,2500
V005,V005_107,2020/12/15,000001.SZSE,13:09:21,18.46,3300
V005,V005_108,2020/12/15,000001.SZSE,13:09:27,18.46,300
V005,V005_109,2020/12/15,000001.SZSE,13:11:18,18.5299,51600
V005,V005_110,2020/12/15,000001.SZSE,13:12:12,18.56,100
V005,V005_111,2020/12/15,000001.SZSE,13:13:45,18.55,5000
V005,V005_112,2020/12/15,000001.SZSE,13:14:42,18.59,2300
V005,V005_113,2020/12/15,000001.SZSE,13:15:09,18.59,1500
V005,V005_114,2020/12/15,000001.SZSE,13:16:18,18.5799,4000
V005,V005_115,2020/12/15,000001.SZSE,13:17:57,18.55,1100
V005,V005_116,2020/12/15,000001.SZSE,13:19:30,18.57,3300
V005,V005_117,2020/12/15,000001.SZSE,13:19:36,18.56,2300
V005,V005_118,2020/12/15,000001.SZSE,13:20:12,18.57,800
V005,V005_119,2020/12/15,000001.SZSE,13:21:33,18.5799,7600
V005,V005_120,2020/12/15,000001.SZSE,13:23:45,18.61,18100
V005,V005_121,2020/12/15,000001.SZSE,13:24:30,18.59,800
V005,V005_122,2020/12/15,000001.SZSE,13:27:57,18.5999,1000
V005,V005_123,2020/12/15,000001.SZSE,13:28:48,18.59,1600
V005,V005_124,2020/12/15,000001.SZSE,13:29:09,18.61,68200
V005,V005_125,2020/12/15,000001.SZSE,13:30:39,18.66,2200
V005,V005_126,2020/12/15,000001.SZSE,13:31:42,18.66,1800
V005,V005_127,2020/12/15,000001.SZSE,13:32:42,18.66,9000
V005,V005_128,2020/12/15,000001.SZSE,13:34:21,18.6699,11100
V005,V005_129,2020/12/15,000001.SZSE,13:36:21,18.72,6700
V005,V005_130,2020/12/15,000001.SZSE,13:36:27,18.7,12700
V005,V005_131,2020/12/15,000001.SZSE,13:38:24,18.71,1100
V005,V005_132,2020/12/15,000001.SZSE,13:38:36,18.72,18500
V005,V005_133,2020/12/15,000001.SZSE,13:38:57,18.72,2800
V005,V005_134,2020/12/15,000001.SZSE,13:39:42,18.72,200
V005,V005_135,2020/12/15,000001.SZSE,13:39:54,18.73,1800
V005,V005_136,2020/12/15,000001.SZSE,13:42:24,18.7,400
V005,V005_137,2020/12/15,000001.SZSE,13:44:00,18.6199,600
V005,V005_138,2020/12/15,000001.SZSE,13:44:48,18.6199,100
V005,V005_139,2020/12/15,000001.SZSE,13:47:24,18.6899,2800
V005,V005_140,2020/12/15,000001.SZSE,13:47:36,18.7,4000
V005,V005_141,2020/12/15,000001.SZSE,13:48:03,18.72,6900
V005,V005_142,2020/12/15,000001.SZSE,13:51:03,18.68,100
V005,V005_143,2020/12/15,000001.SZSE,13:53:45,18.6899,100
V005,V005_144,2020/12/15,000001.SZSE,13:54:03,18.68,3500
V005,V005_145,2020/12/15,000001.SZSE,13:55:30,18.72,300
V005,V005_146,2020/12/15,000001.SZSE,13:55:54,18.71,17200
V005,V005_147,2020/12/15,000001.SZSE,13:56:24,18.66,1700
V005,V005_148,2020/12/15,000001.SZSE,13:57:06,18.6699,6700
V005,V005_149,2020/12/15,000001.SZSE,13:59:27,18.68,7200
V005,V005_150,2020/12/15,000001.SZSE,14:00:09,18.6899,15800
V005,V005_151,2020/12/15,000001.SZSE,14:00:39,18.65,400
V005,V005_152,2020/12/15,000001.SZSE,14:01:33,18.6199,5000
V005,V005_153,2020/12/15,000001.SZSE,14:05:39,18.64,4900
V005,V005_154,2020/12/15,000001.SZSE,14:05:45,18.63,4600
V005,V005_155,2020/12/15,000001.SZSE,14:10:18,18.75,17700
V005,V005_156,2020/12/15,000001.SZSE,14:11:36,18.73,5100
V005,V005_157,2020/12/15,000001.SZSE,14:12:36,18.7399,100
V005,V005_158,2020/12/15,000001.SZSE,14:15:18,18.77,4000
V005,V005_159,2020/12/15,000001.SZSE,14:20:21,18.8,8300
V005,V005_160,2020/12/15,000001.SZSE,14:22:54,18.7,313900
V005,V005_161,2020/12/15,000001.SZSE,14:22:57,18.6899,6600
V005,V005_162,2020/12/15,000001.SZSE,14:25:57,18.72,400
V005,V005_163,2020/12/15,000001.SZSE,14:28:12,18.72,4600
V005,V005_164,2020/12/15,000001.SZSE,14:30:42,18.7399,600
V005,V005_165,2020/12/15,000001.SZSE,14:31:24,18.72,22200
V005,V005_166,2020/12/15,000001.SZSE,14:32:03,18.72,2000
V005,V005_167,2020/12/15,000001.SZSE,14:33:30,18.8,8700
V005,V005_168,2020/12/15,000001.SZSE,14:33:48,18.7799,4600
V005,V005_169,2020/12/15,000001.SZSE,14:34:45,18.8,12100
V005,V005_170,2020/12/15,000001.SZSE,14:35:48,18.79,12900
V005,V005_171,2020/12/15,000001.SZSE,14:35:54,18.8,9000
V005,V005_172,2020/12/15,000001.SZSE,14:36:00,18.8,900
V005,V005_173,2020/12/15,000001.SZSE,14:37:15,18.7799,2800
V005,V005_174,2020/12/15,000001.SZSE,14:38:15,18.7799,2400
V005,V005_175,2020/12/15,000001.SZSE,14:41:15,18.7599,1300
V005,V005_176,2020/12/15,000001.SZSE,14:42:09,18.77,3600
V005,V005_177,2020/12/15,000001.SZSE,14:43:33,18.77,5400
V005,V005_178,2020/12/15,000001.SZSE,14:43:57,18.7599,2200
V005,V005_179,2020/12/15,000001.SZSE,14:44:42,18.7599,6900
V005,V005_180,2020/12/15,000001.SZSE,14:46:18,18.77,600
V005,V005_181,2020/12/15,000001.SZSE,14:47:45,18.77,2000
V005,V005_182,2020/12/15,000001.SZSE,14:48:48,18.73,700
V005,V005_183,2020/12/15,000001.SZSE,14:49:03,18.72,3500
V005,V005_184,2020/12/15,000001.SZSE,14:49:24,18.72,2100
V005,V005_185,2020/12/15,000001.SZSE,14:52:39,18.72,4100
V005,V005_186,2020/12/15,000001.SZSE,14:53:42,18.73,400
V005,V005_187,2020/12/15,000001.SZSE,14:54:39,18.7399,1000
V005,V005_188,2020/12/15,000001.SZSE,14:54:45,18.72,300
V005,V005_189,2020/12/15,000001.SZSE,14:56:18,18.73,4400
V005,V005_190,2020/12/15,000001.SZSE,15:00:00,18.7399,53700
