sym,date,open,high,low,close,volume,notional
000001.SZSE,2020-01-02,16.36827,16.6632,16.26996,16.58455,155656999,2.571196e+009
000001.SZSE,2020-01-03,16.65336,17.0171,16.6337,16.8893,113540658,1.914495e+009
000001.SZSE,2020-01-06,16.72218,17.0466,16.62387,16.78117,87692155,1.47793e+009
000001.SZSE,2020-01-07,16.84015,16.98761,16.6632,16.85981,74114824,1.247047e+009
000001.SZSE,2020-01-08,16.71235,16.7615,16.34861,16.3781,86241674,1.423609e+009
000001.SZSE,2020-01-09,16.52556,16.64353,16.2503,16.5059,104939302,1.725327e+009
000001.SZSE,2020-01-10,16.5059,16.52556,16.24047,16.4076,59562682,9.751548e+008
000001.SZSE,2020-01-13,16.46658,16.74184,16.32895,16.70252,88714438,1.468272e+009
000001.SZSE,2020-01-14,16.70252,16.97778,16.47641,16.47641,132694640,2.217609e+009
000001.SZSE,2020-01-15,16.5059,16.57472,16.17166,16.24047,87423165,1.424889e+009
000001.SZSE,2020-01-16,16.24047,16.28963,15.92589,16.05369,104580025,1.678889e+009
000001.SZSE,2020-01-17,16.10284,16.26996,16.07335,16.11267,61585737,9.95909e+008
000001.SZSE,2020-01-20,16.15199,16.32895,16.07335,16.17166,75891607,1.226465e+009
000001.SZSE,2020-01-21,16.06352,16.06352,15.66045,15.72927,91203529,1.442171e+009
000001.SZSE,2020-01-22,15.65062,15.88656,15.44418,15.81775,73184823,1.150933e+009
000001.SZSE,2020-01-23,15.65062,15.65062,15.12959,15.27705,111953529,1.723394e+009
000001.SZSE,2020-02-03,13.75328,14.45127,13.75328,13.75328,229807974,3.201454e+009
000001.SZSE,2020-02-04,13.81227,14.41194,13.78277,14.35296,173553844,2.442933e+009
000001.SZSE,2020-02-05,14.34313,14.63805,14.0777,14.38245,151704962,2.177632e+009
000001.SZSE,2020-02-06,14.55941,14.61839,14.26448,14.52008,120622580,1.740108e+009
000001.SZSE,2020-02-07,14.35296,14.44144,14.16617,14.37262,94077139,1.345053e+009
000001.SZSE,2020-02-10,14.26448,14.28414,14.05804,14.25465,136255043,1.931983e+009
000001.SZSE,2020-02-11,14.35296,14.68721,14.31364,14.53974,143173324,2.077194e+009
000001.SZSE,2020-02-12,14.53974,14.56924,14.35296,14.52008,108892855,1.573229e+009
000001.SZSE,2020-02-13,14.4611,14.62822,14.36279,14.40211,103064441,1.491328e+009
000001.SZSE,2020-02-14,14.50042,14.88382,14.45127,14.77568,153846652,2.253906e+009
000001.SZSE,2020-02-17,14.78551,15.10993,14.67738,15.10993,157026587,2.337994e+009
000001.SZSE,2020-02-18,15.07061,15.07061,14.75602,14.94281,99037002,1.478274e+009
000001.SZSE,2020-02-19,14.8445,15.10993,14.82484,14.98213,88915192,1.33373e+009
000001.SZSE,2020-02-20,15.01162,15.3557,14.8445,15.32621,125670862,1.897923e+009
000001.SZSE,2020-02-21,15.2279,15.45401,15.18858,15.31638,101219803,1.546693e+009
000001.SZSE,2020-02-24,15.19841,15.19841,14.89365,14.9723,121230748,1.820184e+009
000001.SZSE,2020-02-25,14.74619,14.87399,14.52991,14.78551,116427527,1.71037e+009
000001.SZSE,2020-02-26,14.52008,15.01162,14.45127,14.73636,119685059,1.769612e+009
000001.SZSE,2020-02-27,14.70687,14.89365,14.63805,14.85433,99205711,1.464606e+009
000001.SZSE,2020-02-28,14.59873,14.78551,14.21533,14.25465,132303094,1.906892e+009
000001.SZSE,2020-03-02,14.30381,14.69704,14.21533,14.53974,113579907,1.647432e+009
000001.SZSE,2020-03-03,14.70687,14.73636,14.38245,14.47093,117343964,1.705816e+009
000001.SZSE,2020-03-04,14.43161,14.52991,14.26448,14.44144,87744209,1.261123e+009
000001.SZSE,2020-03-05,14.54957,15.37536,14.48076,15.12959,273284373,4.089494e+009
000001.SZSE,2020-03-06,14.92315,15.01162,14.76585,14.77568,124967632,1.858691e+009
000001.SZSE,2020-03-09,14.4611,14.48076,14.176,14.2055,169446492,2.420392e+009
000001.SZSE,2020-03-10,14.13668,14.59873,14.13668,14.51025,118796608,1.709085e+009
000001.SZSE,2020-03-11,14.52008,14.62822,14.37262,14.44144,82839865,1.201251e+009
000001.SZSE,2020-03-12,14.40211,14.5889,14.28414,14.43161,100347655,1.447437e+009
000001.SZSE,2020-03-13,13.6648,14.3333,13.6648,14.27431,118989963,1.66901e+009
000001.SZSE,2020-03-16,14.2055,14.21533,13.51734,13.51734,143040552,1.975824e+009
000001.SZSE,2020-03-17,13.51734,13.73362,12.90783,13.18309,119812202,1.582506e+009
000001.SZSE,2020-03-18,13.18309,13.32073,12.43595,12.49494,140861907,1.816837e+009
000001.SZSE,2020-03-19,12.46545,12.52443,11.70848,12.02306,192401260,2.313864e+009
000001.SZSE,2020-03-20,12.19018,12.46545,12.05255,12.30815,160551933,1.967488e+009
000001.SZSE,2020-03-23,11.79695,12.14103,11.72814,11.94441,108954948,1.300469e+009
000001.SZSE,2020-03-24,12.19018,12.46545,12.06238,12.39663,120051368,1.472909e+009
000001.SZSE,2020-03-25,12.66206,12.84885,12.48511,12.65223,115652688,1.467535e+009
000001.SZSE,2020-03-26,12.56375,13.11428,12.50477,12.83902,109369848,1.408651e+009
000001.SZSE,2020-03-27,13.0258,13.1536,12.85868,12.92749,66425854,8.616187e+008
000001.SZSE,2020-03-30,12.63257,12.81936,12.54409,12.72105,67312854,8.529562e+008
000001.SZSE,2020-03-31,12.82919,12.86851,12.56375,12.58342,52220635,6.629155e+008
000001.SZSE,2020-04-01,12.6424,12.90783,12.60308,12.67189,52980059,6.760701e+008
000001.SZSE,2020-04-02,12.53426,12.75054,12.44579,12.75054,52728706,6.631976e+008
000001.SZSE,2020-04-03,12.60308,12.67189,12.33765,12.39663,83955390,1.047282e+009
000001.SZSE,2020-04-07,12.67189,12.72105,12.59325,12.66206,88529342,1.1212e+009
000001.SZSE,2020-04-08,12.66206,12.70139,12.50477,12.56375,53781632,6.766049e+008
000001.SZSE,2020-04-09,12.66206,12.67189,12.50477,12.52443,41558573,5.220279e+008
000001.SZSE,2020-04-10,12.54409,12.76037,12.43595,12.57359,67814966,8.5369e+008
000001.SZSE,2020-04-13,12.45562,12.49494,12.259,12.37697,45389457,5.620081e+008
000001.SZSE,2020-04-14,12.43595,12.6424,12.35731,12.6424,69789569,8.748566e+008
000001.SZSE,2020-04-15,12.6424,12.71122,12.56375,12.65223,66769419,8.436493e+008
000001.SZSE,2020-04-16,12.57359,12.57359,12.32782,12.46545,80273779,9.976238e+008
000001.SZSE,2020-04-17,12.55392,12.81936,12.43595,12.67189,135407657,1.713216e+009
000001.SZSE,2020-04-20,12.6424,12.82919,12.55392,12.7702,83254297,1.058524e+009
000001.SZSE,2020-04-21,13.07496,13.46819,13.07496,13.22242,215897959,2.861879e+009
000001.SZSE,2020-04-22,13.14377,13.19293,12.93732,13.00614,105057918,1.368223e+009
000001.SZSE,2020-04-23,13.00614,13.08479,12.88817,13.00614,65812552,8.550521e+008
000001.SZSE,2020-04-24,12.94716,13.05529,12.88817,13.01597,57574354,7.474738e+008
000001.SZSE,2020-04-27,13.07496,13.4092,13.0258,13.27157,95295447,1.26381e+009
000001.SZSE,2020-04-28,13.22242,13.33056,13.04546,13.29123,78484421,1.038718e+009
000001.SZSE,2020-04-29,13.25191,13.86142,13.22242,13.78277,112780555,1.541638e+009
000001.SZSE,2020-04-30,13.78277,14.0777,13.64514,13.6943,83364623,1.155968e+009
000001.SZSE,2020-05-06,13.52717,13.65497,13.37971,13.537,102636474,1.382727e+009
000001.SZSE,2020-05-07,13.52717,13.52717,13.36988,13.45836,67415637,9.043495e+008
000001.SZSE,2020-05-08,13.52717,13.78277,13.44853,13.71396,95087102,1.297925e+009
000001.SZSE,2020-05-11,13.68447,13.89091,13.6648,13.76311,62341078,8.591566e+008
000001.SZSE,2020-05-12,13.71396,13.81227,13.48785,13.55666,56812415,7.721095e+008
000001.SZSE,2020-05-13,13.51734,13.54683,13.30106,13.39937,65138055,8.71062e+008
000001.SZSE,2020-05-14,13.32073,13.36005,12.99631,13.07496,96093164,1.259441e+009
000001.SZSE,2020-05-15,13.16343,13.20276,12.91766,13.00614,76982030,1.004313e+009
000001.SZSE,2020-05-18,12.97665,13.11428,12.898,12.97665,64817611,8.434797e+008
000001.SZSE,2020-05-19,13.18309,13.22242,13.04546,13.13394,61070209,8.017557e+008
000001.SZSE,2020-05-20,13.1536,13.38954,13.04546,13.2814,70274189,9.299289e+008
000001.SZSE,2020-05-21,13.29123,13.34039,13.13394,13.17326,56181831,7.427971e+008
000001.SZSE,2020-05-22,13.10445,13.11428,12.70139,12.70139,87097475,1.119433e+009
000001.SZSE,2020-05-25,12.75054,12.76037,12.54409,12.74071,41723058,5.287694e+008
000001.SZSE,2020-05-26,12.79969,12.84885,12.72105,12.81936,40303195,5.154518e+008
000001.SZSE,2020-05-27,12.82919,12.96682,12.74071,12.78003,49127562,6.303059e+008
000001.SZSE,2020-05-28,12.87,13.18,12.81,13.07,96076031,1.255227e+009
000001.SZSE,2020-05-29,13.01,13.04,12.92,13,45780822,5.945021e+008
000001.SZSE,2020-06-01,13.1,13.39,13.08,13.32,88296055,1.173619e+009
000001.SZSE,2020-06-02,13.29,13.63,13.28,13.55,88345888,1.194376e+009
000001.SZSE,2020-06-03,13.64,13.88,13.5,13.54,95680308,1.308782e+009
000001.SZSE,2020-06-04,13.53,13.64,13.41,13.57,58306633,7.887076e+008
000001.SZSE,2020-06-05,13.6,13.62,13.43,13.59,38302690,5.172321e+008
000001.SZSE,2020-06-08,13.68,13.85,13.58,13.62,58597190,8.021158e+008
000001.SZSE,2020-06-09,13.64,13.73,13.53,13.67,47430007,6.468958e+008
000001.SZSE,2020-06-10,13.71,13.71,13.4,13.49,58047620,7.819957e+008
000001.SZSE,2020-06-11,13.38,13.39,13,13.08,134903982,1.7742e+009
000001.SZSE,2020-06-12,12.9,13.02,12.87,12.99,103055057,1.331619e+009
000001.SZSE,2020-06-15,12.85,12.97,12.8,12.82,66031307,8.507675e+008
000001.SZSE,2020-06-16,12.9,12.99,12.86,12.89,71805910,9.270437e+008
000001.SZSE,2020-06-17,12.89,12.92,12.76,12.85,71646824,9.182512e+008
000001.SZSE,2020-06-18,12.76,12.8,12.59,12.76,111964780,1.419972e+009
000001.SZSE,2020-06-19,12.73,12.84,12.61,12.8,153952178,1.954585e+009
000001.SZSE,2020-06-22,12.74,12.76,12.62,12.64,131907979,1.671023e+009
000001.SZSE,2020-06-23,12.65,12.69,12.52,12.6,99080673,1.248047e+009
000001.SZSE,2020-06-24,12.64,12.88,12.6,12.8,152322048,1.946329e+009
000001.SZSE,2020-06-29,12.92,12.97,12.71,12.8,103848006,1.330678e+009
000001.SZSE,2020-06-30,12.83,12.88,12.72,12.8,93794022,1.199182e+009
000001.SZSE,2020-07-01,12.79,13.15,12.74,13.12,169739001,2.202801e+009
000001.SZSE,2020-07-02,13.08,13.49,12.97,13.43,259050119,3.433511e+009
000001.SZSE,2020-07-03,13.57,14.32,13.56,14.25,376833363,5.280918e+009
000001.SZSE,2020-07-06,14.6,15.68,14.59,15.68,471146078,7.168653e+009
000001.SZSE,2020-07-07,16.3,16.63,15.03,15.48,396442747,6.26792e+009
000001.SZSE,2020-07-08,15.23,16,15.23,15.76,263133916,4.095448e+009
000001.SZSE,2020-07-09,15.66,15.66,15.31,15.53,224399440,3.469517e+009
000001.SZSE,2020-07-10,15.35,15.48,14.76,14.86,215877326,3.254272e+009
000001.SZSE,2020-07-13,14.7,15.08,14.5,14.89,193716012,2.871415e+009
000001.SZSE,2020-07-14,14.9,15.19,14.55,14.68,195356627,2.891774e+009
000001.SZSE,2020-07-15,14.78,14.86,14.23,14.27,204256283,2.947173e+009
000001.SZSE,2020-07-16,14.3,14.55,14.12,14.15,193089129,2.771496e+009
000001.SZSE,2020-07-17,14.17,14.28,13.95,14.14,129134677,1.821044e+009
000001.SZSE,2020-07-20,14.23,14.77,14.1,14.73,197963200,2.872758e+009
000001.SZSE,2020-07-21,14.68,14.68,14.4,14.49,125286569,1.81557e+009
000001.SZSE,2020-07-22,14.49,14.65,14.27,14.41,131295159,1.895447e+009
000001.SZSE,2020-07-23,14.24,14.29,13.81,14.01,202752587,2.838535e+009
000001.SZSE,2020-07-24,13.97,13.99,13.42,13.5,183088183,2.504647e+009
000001.SZSE,2020-07-27,13.67,13.68,13.1,13.24,188065335,2.497551e+009
000001.SZSE,2020-07-28,13.34,13.43,13.18,13.34,121700599,1.61809e+009
000001.SZSE,2020-07-29,13.35,13.63,13.21,13.54,151958025,2.043847e+009
000001.SZSE,2020-07-30,13.5,13.51,13.37,13.37,96406763,1.294445e+009
000001.SZSE,2020-07-31,13.28,13.53,13.25,13.34,116582191,1.559068e+009
000001.SZSE,2020-08-03,13.47,13.62,13.43,13.59,144509616,1.954607e+009
000001.SZSE,2020-08-04,13.66,14.15,13.48,14.04,244566325,3.38851e+009
000001.SZSE,2020-08-05,13.82,13.85,13.62,13.76,144020313,1.980353e+009
000001.SZSE,2020-08-06,13.82,13.96,13.65,13.9,135251068,1.868047e+009
000001.SZSE,2020-08-07,13.8,13.9,13.62,13.7,98867837,1.356306e+009
000001.SZSE,2020-08-10,13.67,14.02,13.62,13.95,158771035,2.208568e+009
000001.SZSE,2020-08-11,13.97,14.66,13.97,14.13,260330789,3.748037e+009
000001.SZSE,2020-08-12,14.21,14.5,14.15,14.38,159681170,2.287731e+009
000001.SZSE,2020-08-13,14.4,14.46,14.14,14.18,83726175,1.19014e+009
000001.SZSE,2020-08-14,14.1,14.51,14.06,14.47,110321582,1.578544e+009
000001.SZSE,2020-08-17,14.6,15.35,14.55,15.19,326802780,4.923669e+009
000001.SZSE,2020-08-18,15.2,15.3,14.91,15.15,135026107,2.033478e+009
000001.SZSE,2020-08-19,15.11,15.35,14.96,15.1,142092811,2.154215e+009
000001.SZSE,2020-08-20,15.01,15.14,14.53,14.59,133380162,1.962605e+009
000001.SZSE,2020-08-21,14.71,14.71,14.32,14.45,123451733,1.787279e+009
000001.SZSE,2020-08-24,14.5,14.71,14.41,14.46,91944886,1.338032e+009
000001.SZSE,2020-08-25,14.56,14.69,14.46,14.6,74832022,1.090757e+009
000001.SZSE,2020-08-26,14.6,14.61,14.28,14.37,73411772,1.057274e+009
000001.SZSE,2020-08-27,14.4,14.46,14.11,14.46,62666677,8.956186e+008
000001.SZSE,2020-08-28,14.26,15.18,14.26,15.13,241040002,3.599036e+009
000001.SZSE,2020-08-31,15.3,15.68,14.99,15.08,179712954,2.76035e+009
000001.SZSE,2020-09-01,14.96,15.23,14.88,15.14,81364258,1.228343e+009
000001.SZSE,2020-09-02,15.01,15.53,15.01,15.32,167938297,2.575967e+009
000001.SZSE,2020-09-03,15.32,15.33,14.84,14.9,127984159,1.919267e+009
000001.SZSE,2020-09-04,14.73,15.06,14.6,14.96,90988999,1.353551e+009
000001.SZSE,2020-09-07,14.88,15.24,14.83,14.94,103137681,1.551971e+009
000001.SZSE,2020-09-08,15,15.43,15,15.43,140760166,2.154221e+009
000001.SZSE,2020-09-09,15.26,15.56,15.13,15.21,101357247,1.554006e+009
000001.SZSE,2020-09-10,15.32,15.48,15.2,15.34,95709239,1.469403e+009
000001.SZSE,2020-09-11,15.18,15.3,14.82,15.01,95423625,1.431844e+009
000001.SZSE,2020-09-14,15.01,15.3,14.92,15.3,68025105,1.027508e+009
000001.SZSE,2020-09-15,15.2,15.48,15.15,15.35,65713267,1.007999e+009
000001.SZSE,2020-09-16,15.32,15.54,15.21,15.44,72241475,1.114668e+009
000001.SZSE,2020-09-17,15.54,15.72,15.4,15.57,98821563,1.543415e+009
000001.SZSE,2020-09-18,15.62,16.09,15.52,16.07,137319330,2.186759e+009
000001.SZSE,2020-09-21,16,16.05,15.71,15.86,89616165,1.418371e+009
000001.SZSE,2020-09-22,15.67,15.84,15.39,15.57,86775631,1.354536e+009
000001.SZSE,2020-09-23,15.59,15.83,15.51,15.63,59920047,9.397633e+008
000001.SZSE,2020-09-24,15.59,15.61,15.12,15.12,106101124,1.623376e+009
000001.SZSE,2020-09-25,15.2,15.31,15.11,15.19,61408700,9.33035e+008
000001.SZSE,2020-09-28,15.19,15.37,14.98,15.31,61271111,9.328008e+008
000001.SZSE,2020-09-29,15.39,15.41,14.76,14.8,118237440,1.766849e+009
000001.SZSE,2020-09-30,14.8,15.27,14.8,15.17,121706482,1.838548e+009
000001.SZSE,2020-10-09,15.3,15.55,15.13,15.18,90042593,1.376996e+009
000001.SZSE,2020-10-12,15.22,16.05,15.21,15.9,159134715,2.509003e+009
000001.SZSE,2020-10-13,15.9,16.11,15.77,16.06,90881948,1.453986e+009
000001.SZSE,2020-10-14,16.04,16.12,15.8,16.03,66256236,1.057938e+009
000001.SZSE,2020-10-15,16.2,16.92,16.15,16.56,160006232,2.65438e+009
000001.SZSE,2020-10-16,16.56,17.37,16.54,17.1,209561419,3.58923e+009
000001.SZSE,2020-10-19,17.3,18.1,17.3,17.48,201610552,3.571336e+009
000001.SZSE,2020-10-20,17.48,17.6,17.25,17.54,96007195,1.673173e+009
000001.SZSE,2020-10-21,17.64,18,17.33,17.91,124456018,2.20404e+009
000001.SZSE,2020-10-22,17.94,18.5,17.3,17.56,189051905,3.342069e+009
000001.SZSE,2020-10-23,17.53,18.78,17.53,18.13,169850168,3.105624e+009
000001.SZSE,2020-10-26,18.2,18.29,17.45,17.7,117559865,2.085801e+009
000001.SZSE,2020-10-27,18,18,17.5,17.76,103486504,1.839243e+009
000001.SZSE,2020-10-28,17.76,17.9,17.29,17.63,120582386,2.125605e+009
000001.SZSE,2020-10-29,17.54,17.93,17.35,17.77,84660362,1.498041e+009
000001.SZSE,2020-10-30,17.74,18.36,17.6,17.75,100780383,1.813064e+009
000001.SZSE,2020-11-02,17.65,18.05,17.33,17.63,96845277,1.702741e+009
000001.SZSE,2020-11-03,17.71,18.34,17.7,17.96,95786863,1.727488e+009
000001.SZSE,2020-11-04,18.35,18.48,17.96,18.32,124763640,2.275825e+009
000001.SZSE,2020-11-05,18.37,18.5,17.54,17.7,142946944,2.558562e+009
000001.SZSE,2020-11-06,17.71,17.75,17.22,17.64,84878153,1.486492e+009
000001.SZSE,2020-11-09,17.67,18,17.54,17.84,95142432,1.688807e+009
000001.SZSE,2020-11-10,18,18.5,17.93,18.11,102106281,1.854143e+009
000001.SZSE,2020-11-11,18.2,18.3,17.6,17.81,94013007,1.677811e+009
000001.SZSE,2020-11-12,17.81,17.94,17.45,17.66,67725848,1.197284e+009
000001.SZSE,2020-11-13,17.42,17.47,16.69,17.18,128918923,2.191492e+009
000001.SZSE,2020-11-16,17.08,17.43,16.9,17.37,75985693,1.30819e+009
000001.SZSE,2020-11-17,17.38,17.93,17.25,17.83,85293051,1.509512e+009
000001.SZSE,2020-11-18,17.78,18.5,17.75,18.46,137340072,2.508633e+009
000001.SZSE,2020-11-19,18.59,18.98,18.3,18.85,121174062,2.270476e+009
000001.SZSE,2020-11-20,18.83,18.99,18.52,18.86,67391922,1.265263e+009
000001.SZSE,2020-11-23,18.85,19.62,18.8,19.62,116585826,2.252291e+009
000001.SZSE,2020-11-24,19.62,19.68,19.17,19.36,67854323,1.313496e+009
000001.SZSE,2020-11-25,19.48,19.7,19.05,19.06,55258501,1.068352e+009
000001.SZSE,2020-11-26,19.05,19.61,19.03,19.5,63965789,1.240074e+009
000001.SZSE,2020-11-27,20,20,19.38,19.7,75377374,1.479431e+009
000001.SZSE,2020-11-30,19.9,20.88,19.59,19.74,158144128,3.21368e+009
000001.SZSE,2020-12-01,19.7,20.51,19.4,20.05,126371975,2.516011e+009
000001.SZSE,2020-12-02,19.93,20.06,19.52,19.63,88938529,1.758639e+009
000001.SZSE,2020-12-03,19.78,19.86,19.17,19.54,71445230,1.393085e+009
000001.SZSE,2020-12-04,19.47,19.47,18.97,19.3,89134784,1.707639e+009
000001.SZSE,2020-12-07,19.31,19.39,18.68,18.91,87380661,1.655173e+009
000001.SZSE,2020-12-08,18.92,19.03,18.53,18.71,71964751,1.345952e+009
000001.SZSE,2020-12-09,18.79,19.05,18.68,18.71,67722115,1.277484e+009
000001.SZSE,2020-12-10,18.73,18.88,18.45,18.65,60786655,1.130916e+009
000001.SZSE,2020-12-11,18.71,18.8,18.22,18.52,88779387,1.642392e+009
000001.SZSE,2020-12-14,18.6,19.06,18.5,18.88,83599174,1.575396e+009
000001.SZSE,2020-12-15,18.8,18.85,18.15,18.74,78885794,1.458269e+009
000001.SZSE,2020-12-16,18.8,19.1,18.58,19.01,68907042,1.302134e+009
000001.SZSE,2020-12-17,18.91,19.07,18.6,18.95,68614069,1.294658e+009
000001.SZSE,2020-12-18,19,19.1,18.23,18.36,105875636,1.959764e+009
000001.SZSE,2020-12-21,18.3,18.64,18.03,18.28,90687811,1.66265e+009
000001.SZSE,2020-12-22,18.36,18.65,17.88,17.9,102873751,1.873639e+009
000001.SZSE,2020-12-23,17.96,18.07,17.79,18,75008273,1.345651e+009
000001.SZSE,2020-12-24,18.15,18.49,18.05,18.26,63295012,1.155767e+009
000001.SZSE,2020-12-25,18.26,18.26,17.8,18.04,57707733,1.038128e+009
000001.SZSE,2020-12-28,18.02,18.86,17.96,18.85,127033706,2.352947e+009
000001.SZSE,2020-12-29,18.87,19.3,18.7,19.17,96309223,1.837947e+009
000001.SZSE,2020-12-30,19,19.2,18.72,19.2,97849778,1.854083e+009
000001.SZSE,2020-12-31,19.21,19.58,19.02,19.34,92450343,1.781736e+009
000858.SZSE,2020-01-02,130.248,131.7281,127.87,130.327,31079950,4.038537e+009
000858.SZSE,2020-01-03,129.8533,130.3171,127.8897,128.8173,20744582,2.672531e+009
000858.SZSE,2020-01-06,128.2746,128.5212,126.8142,127.4852,26285860,3.353682e+009
000858.SZSE,2020-01-07,127.7812,129.3304,127.2878,127.6529,22628126,2.901574e+009
000858.SZSE,2020-01-08,127.278,128.0378,126.3504,127.1793,16397860,2.083243e+009
000858.SZSE,2020-01-09,127.2878,129.4586,126.5478,129.0343,25892720,3.317934e+009
000858.SZSE,2020-01-10,128.7679,132.2708,128.7679,131.8465,43547530,5.712381e+009
000858.SZSE,2020-01-13,132.478,138.1418,132.4682,137.8064,50271425,6.847186e+009
000858.SZSE,2020-01-14,138.2405,138.8128,136.3657,136.721,20175092,2.767445e+009
000858.SZSE,2020-01-15,136.721,140.9145,136.7111,138.9312,23794721,3.309331e+009
000858.SZSE,2020-01-16,138.9312,140.1153,137.4511,138.7931,14731513,2.046673e+009
000858.SZSE,2020-01-17,139.3851,139.9179,136.4644,136.7111,15047533,2.068064e+009
000858.SZSE,2020-01-20,138.6845,138.7931,134.9843,135.7342,16979126,2.308928e+009
000858.SZSE,2020-01-21,134.6883,134.6883,130.2579,130.8598,29701524,3.903227e+009
000858.SZSE,2020-01-22,129.2514,130.9091,128.0378,129.952,26099458,3.375415e+009
000858.SZSE,2020-01-23,130.0211,130.0211,123.3409,124.4855,42153149,5.294269e+009
000858.SZSE,2020-02-03,112.033,112.033,112.033,112.033,16989393,1.903373e+009
000858.SZSE,2020-02-04,107.5533,118.4073,107.5533,112.9803,71976742,8.017646e+009
000858.SZSE,2020-02-05,114.3617,118.2099,112.5856,115.9503,39401296,4.546389e+009
000858.SZSE,2020-02-06,117.4206,118.3481,115.0524,117.5686,31067450,3.619249e+009
000858.SZSE,2020-02-07,117.6672,119.3249,116.049,118.9796,28388483,3.346692e+009
000858.SZSE,2020-02-10,117.9139,120.7064,117.0061,119.5223,22486098,2.68279e+009
000858.SZSE,2020-02-11,119.542,123.8343,119.542,123.1337,24907975,3.049431e+009
000858.SZSE,2020-02-12,122.8476,123.5876,121.1405,122.8377,17746909,2.168783e+009
000858.SZSE,2020-02-13,123.2225,124.9789,121.7326,122.4923,18103159,2.230165e+009
000858.SZSE,2020-02-14,122.5515,124.2092,120.8248,121.7918,17200265,2.094049e+009
000858.SZSE,2020-02-17,121.5451,122.6502,120.953,122.6502,24137272,2.941281e+009
000858.SZSE,2020-02-18,122.1569,122.6502,121.3773,121.7523,13045928,1.590249e+009
000858.SZSE,2020-02-19,122.1371,125.492,121.0517,124.3277,32088675,3.976675e+009
000858.SZSE,2020-02-20,125.3144,128.8469,125.2058,128.4226,33916317,4.332207e+009
000858.SZSE,2020-02-21,128.2746,129.4586,127.3076,128.2746,21022777,2.695003e+009
000858.SZSE,2020-02-24,127.6825,127.6825,125.0184,125.4131,23877034,3.005249e+009
000858.SZSE,2020-02-25,123.1436,125.3144,122.2161,123.6369,24387008,3.014293e+009
000858.SZSE,2020-02-26,122.1865,124.7421,121.3675,122.4529,21705960,2.662202e+009
000858.SZSE,2020-02-27,123.1436,126.0544,122.8476,124.6237,23890252,2.986687e+009
000858.SZSE,2020-02-28,122.3542,122.3838,117.4206,118.9993,37093538,4.445668e+009
000858.SZSE,2020-03-02,118.506,121.9595,118.0126,121.0221,27345179,3.287615e+009
000858.SZSE,2020-03-03,122.0582,124.2092,122.0582,122.7193,23402941,2.878896e+009
000858.SZSE,2020-03-04,122.3542,124.2586,122.3542,123.6073,20023270,2.471691e+009
000858.SZSE,2020-03-05,124.8704,133.0898,124.3277,131.4321,57322808,7.399038e+009
000858.SZSE,2020-03-06,130.248,133.0898,128.2746,128.3436,29558134,3.845033e+009
000858.SZSE,2020-03-09,126.3011,126.5478,124.3671,124.6237,24783093,3.106158e+009
000858.SZSE,2020-03-10,124.6237,129.8829,124.525,128.985,31495244,4.017374e+009
000858.SZSE,2020-03-11,130.7414,131.0374,127.7812,128.1759,19015877,2.45261e+009
000858.SZSE,2020-03-12,125.196,126.4097,124.1895,124.3671,25605856,3.199005e+009
000858.SZSE,2020-03-13,118.4073,123.558,117.3022,120.9728,35560680,4.280416e+009
000858.SZSE,2020-03-16,119.7887,120.7754,112.8915,113.967,37522264,4.379489e+009
000858.SZSE,2020-03-17,112.9803,116.0194,107.1389,110.8687,35772750,3.975112e+009
000858.SZSE,2020-03-18,111.6975,114.4308,105.2739,106.162,40986252,4.528147e+009
000858.SZSE,2020-03-19,104.3958,105.5798,97.32093,100.7547,60979139,6.133825e+009
000858.SZSE,2020-03-20,102.9354,108.2045,102.8269,107.0698,42774112,4.484742e+009
000858.SZSE,2020-03-23,102.6197,105.0865,101.6724,103.1229,33268093,3.443583e+009
000858.SZSE,2020-03-24,105.6588,108.4315,104.6326,107.6026,36115690,3.859694e+009
000858.SZSE,2020-03-25,111.5989,113.4342,110.3556,112.4869,31363609,3.508692e+009
000858.SZSE,2020-03-26,111.4805,114.7564,110.4148,112.3784,21160984,2.39771e+009
000858.SZSE,2020-03-27,114.0657,116.2365,114.0657,114.2729,23860182,2.745617e+009
000858.SZSE,2020-03-30,111.3226,112.5067,110.2175,111.7271,20857415,2.321514e+009
000858.SZSE,2020-03-31,113.4737,115.0426,112.5461,113.671,19103169,2.179899e+009
000858.SZSE,2020-04-01,114.4604,115.4372,112.9211,113.4737,17833549,2.033699e+009
000858.SZSE,2020-04-02,112.4869,115.6346,112.0133,115.6346,19411378,2.218331e+009
000858.SZSE,2020-04-03,116.1378,117.8843,115.2498,115.9602,17817064,2.076906e+009
000858.SZSE,2020-04-07,118.9993,122.9265,118.9993,122.4923,29847300,3.627761e+009
000858.SZSE,2020-04-08,122.4923,124.3178,121.7918,123.6172,20383909,2.515223e+009
000858.SZSE,2020-04-09,124.969,125.9064,121.3773,123.3212,16093218,1.985606e+009
000858.SZSE,2020-04-10,123.3212,127.0905,122.5515,124.8408,20163713,2.526071e+009
000858.SZSE,2020-04-13,123.4889,125.3341,122.5515,123.3409,14802485,1.831925e+009
000858.SZSE,2020-04-14,124.9296,127.1694,123.5383,126.7451,19723672,2.481573e+009
000858.SZSE,2020-04-15,126.7649,128.5508,125.5216,126.2123,16515927,2.095661e+009
000858.SZSE,2020-04-16,125.3243,126.1038,123.854,124.4263,19078658,2.379555e+009
000858.SZSE,2020-04-17,125.4821,127.9785,125.0578,127.1102,23786801,3.022345e+009
000858.SZSE,2020-04-20,128.1956,128.7482,127.1694,127.5937,13396642,1.710863e+009
000858.SZSE,2020-04-21,126.38,127.2385,123.4199,124.7914,20828824,2.596092e+009
000858.SZSE,2020-04-22,124.8605,129.2514,123.7554,128.5706,26956256,3.436601e+009
000858.SZSE,2020-04-23,129.4586,132.5175,129.0639,129.3501,21618807,2.822832e+009
000858.SZSE,2020-04-24,129.4981,131.5209,127.6529,129.656,16998944,2.215247e+009
000858.SZSE,2020-04-27,130.7513,131.8465,128.6495,130.9387,16148577,2.110527e+009
000858.SZSE,2020-04-28,134.1949,139.3456,132.7247,137.1551,42643332,5.811722e+009
000858.SZSE,2020-04-29,137.1551,138.2898,132.2215,133.7016,29575750,3.980521e+009
000858.SZSE,2020-04-30,133.7016,137.3525,132.2412,133.968,23171602,3.121491e+009
000858.SZSE,2020-05-06,132.7148,137.2044,132.2017,136.3756,25442164,3.442757e+009
000858.SZSE,2020-05-07,136.5433,140.1153,135.5467,140.0265,28170067,3.911603e+009
000858.SZSE,2020-05-08,140.7567,143.5688,139.0595,141.0033,24653919,3.478295e+009
000858.SZSE,2020-05-11,141.3191,143.1741,139.1286,139.9673,24000540,3.384838e+009
000858.SZSE,2020-05-12,139.1286,141.8815,139.02,141.0033,15388737,2.16767e+009
000858.SZSE,2020-05-13,141.0033,144.2694,140.4113,144.0622,19899142,2.845748e+009
000858.SZSE,2020-05-14,143.9635,145.0489,142.4834,144.3582,15567887,2.244205e+009
000858.SZSE,2020-05-15,145.5423,146.0258,142.1677,143.2926,16280532,2.338475e+009
000858.SZSE,2020-05-18,143.0755,150.4365,142.6808,149.1833,25215692,3.718098e+009
000858.SZSE,2020-05-19,151.2949,151.4528,148.3742,149.4103,17887975,2.66971e+009
000858.SZSE,2020-05-20,150.4759,150.9496,148.5123,148.8478,17270437,2.580358e+009
000858.SZSE,2020-05-21,149.8444,151.4923,149.0254,149.6668,17322058,2.602103e+009
000858.SZSE,2020-05-22,148.759,148.7788,141.7434,142.3354,38868524,5.597328e+009
000858.SZSE,2020-05-25,142.0986,145.4436,139.2272,145.0785,24683606,3.540747e+009
000858.SZSE,2020-05-26,145.0785,147.1408,144.2102,145.8482,16734029,2.436906e+009
000858.SZSE,2020-05-27,145.858,146.4304,143.7465,144.2201,14792638,2.143083e+009
000858.SZSE,2020-05-28,144.2102,146.0554,142.5821,144.2201,15017728,2.166223e+009
000858.SZSE,2020-05-29,143.0755,146.6178,142.9077,146.233,16541265,2.408656e+009
000858.SZSE,2020-06-01,148.0683,158.054,148.0683,156.4851,36265697,5.624345e+009
000858.SZSE,2020-06-02,156.2878,161.4779,155.9227,156.6627,29550801,4.669325e+009
000858.SZSE,2020-06-03,158.725,159.613,154.6005,156.1397,25615922,4.004119e+009
000858.SZSE,2020-06-04,155.9325,157.8567,154.9162,156.7417,13815117,2.166143e+009
000858.SZSE,2020-06-05,156.9982,158.5474,155.5082,157.9652,16200934,2.547709e+009
000858.SZSE,2020-06-08,157.383,162.7607,157.1857,158.4783,22554466,3.596734e+009
000858.SZSE,2020-06-09,158.4487,160.8366,156.8995,160.4517,16328611,2.610701e+009
000858.SZSE,2020-06-10,160.4912,161.6062,158.9421,160.3827,15149215,2.428166e+009
000858.SZSE,2020-06-11,159.6525,160.58,155.8536,157.9455,20214394,3.195703e+009
000858.SZSE,2020-06-12,154.9162,159.7314,154.0282,159.3565,17884993,2.822869e+009
000858.SZSE,2020-06-15,156.8897,158.7447,154.4228,154.9162,26980056,4.20686e+009
000858.SZSE,2020-06-16,155.0149,157.1462,154.3242,155.5872,26334174,4.095546e+009
000858.SZSE,2020-06-17,155.1728,155.4096,151.8574,153.8111,23554964,3.610097e+009
000858.SZSE,2020-06-18,154.5215,156.4752,153.89,156.2582,20217338,3.145347e+009
000858.SZSE,2020-06-19,156.3963,164.2901,156.3272,163.3725,39223404,6.342809e+009
000858.SZSE,2020-06-22,164,164,161,163,21631228,3.513416e+009
000858.SZSE,2020-06-23,163,168.4,162.08,167.98,26532477,4.413501e+009
000858.SZSE,2020-06-24,168.41,171.3,167,168.61,18798602,3.172425e+009
000858.SZSE,2020-06-29,166.61,168.5,165.8,167.5,19993555,3.331812e+009
000858.SZSE,2020-06-30,168.54,171.67,168.5,171.12,18989762,3.238678e+009
000858.SZSE,2020-07-01,171.12,185.1,171.12,181.98,27181836,4.886749e+009
000858.SZSE,2020-07-02,180,192.34,179.88,189.49,34887021,6.549218e+009
000858.SZSE,2020-07-03,189.99,190.5,182.5,188.72,30815941,5.745185e+009
000858.SZSE,2020-07-06,188.71,196,185.56,192.82,32843107,6.291467e+009
000858.SZSE,2020-07-07,192.78,206.38,190.32,201.89,38411125,7.693352e+009
000858.SZSE,2020-07-08,201.5,205.8,199,203.36,29232255,5.907018e+009
000858.SZSE,2020-07-09,203.39,205.36,201.5,203.72,29524349,5.988999e+009
000858.SZSE,2020-07-10,203,211.8,200.8,207,33547581,6.923295e+009
000858.SZSE,2020-07-13,207,225,207,218.2,48880722,1.06487e+010
000858.SZSE,2020-07-14,218.3,225.33,212.03,220.9,43873308,9.589877e+009
000858.SZSE,2020-07-15,219,226,217.6,223.95,37169954,8.289624e+009
000858.SZSE,2020-07-16,221,221.05,201.56,201.56,70573669,1.481795e+010
000858.SZSE,2020-07-17,195,209.7,195,205.39,52976677,1.078587e+010
000858.SZSE,2020-07-20,205.5,208.5,191.01,201.68,44290656,8.808311e+009
000858.SZSE,2020-07-21,201,208.9,198.8,205.58,31785876,6.514436e+009
000858.SZSE,2020-07-22,204.25,212.87,202.75,208.9,28066323,5.873887e+009
000858.SZSE,2020-07-23,207.3,211.9,205.6,210.07,26541311,5.547862e+009
000858.SZSE,2020-07-24,208,208.95,198,201.39,40538626,8.233915e+009
000858.SZSE,2020-07-27,203.39,206.8,201.41,204.1,24634688,5.038946e+009
000858.SZSE,2020-07-28,205.89,216.94,204.67,214,38449712,8.143034e+009
000858.SZSE,2020-07-29,214.35,215.48,209.01,214.98,30136414,6.417584e+009
000858.SZSE,2020-07-30,214,218.05,213,216.32,25322564,5.483434e+009
000858.SZSE,2020-07-31,216.51,221.01,214.28,217.5,26231782,5.707639e+009
000858.SZSE,2020-08-03,218.18,219.93,215.2,217.72,20145355,4.369803e+009
000858.SZSE,2020-08-04,217.5,219.8,214,215.8,20676941,4.48337e+009
000858.SZSE,2020-08-05,215.6,217.76,213,217.48,18671238,4.024536e+009
000858.SZSE,2020-08-06,217.48,218.54,209.66,211.02,32304359,6.855967e+009
000858.SZSE,2020-08-07,210,213,203.18,207.26,28723584,5.960013e+009
000858.SZSE,2020-08-10,207.26,208.88,202.94,205.94,19152100,3.941811e+009
000858.SZSE,2020-08-11,207,213.35,207,209,25009077,5.285964e+009
000858.SZSE,2020-08-12,207.92,209.88,203.04,206.47,18024993,3.701984e+009
000858.SZSE,2020-08-13,208,210,205.5,206.9,12320969,2.555093e+009
000858.SZSE,2020-08-14,206.3,213.3,206.22,212.9,24431491,5.14455e+009
000858.SZSE,2020-08-17,214.5,222,214.5,219.99,31515599,6.913069e+009
000858.SZSE,2020-08-18,219.99,223,218.12,220.57,19038249,4.208956e+009
000858.SZSE,2020-08-19,220.47,225.96,217.27,222.2,23847268,5.300629e+009
000858.SZSE,2020-08-20,220,220.92,216,216.44,18490663,4.02258e+009
000858.SZSE,2020-08-21,220,220.98,216.44,218.4,15731861,3.438178e+009
000858.SZSE,2020-08-24,219.98,226.3,219.19,225,23152218,5.170962e+009
000858.SZSE,2020-08-25,226,236.75,225.99,235.6,28547871,6.659413e+009
000858.SZSE,2020-08-26,235.4,239.87,232.2,236.65,26209992,6.176302e+009
000858.SZSE,2020-08-27,238.98,238.98,231.14,238.08,21348858,5.02412e+009
000858.SZSE,2020-08-28,235.98,244.86,233.2,240.5,32724152,7.823482e+009
000858.SZSE,2020-08-31,242,246.7,240,240,31571514,7.69101e+009
000858.SZSE,2020-09-01,237.48,239.8,233.1,236.24,30087024,7.091377e+009
000858.SZSE,2020-09-02,235.2,239.78,233.8,235,19633125,4.642766e+009
000858.SZSE,2020-09-03,235.4,243,235.19,238.64,27569574,6.599199e+009
000858.SZSE,2020-09-04,234,234,226.27,230.22,37092062,8.495154e+009
000858.SZSE,2020-09-07,229.35,233.45,225.1,226.89,23622659,5.428172e+009
000858.SZSE,2020-09-08,227.14,229.35,217.6,221.93,35708526,7.906065e+009
000858.SZSE,2020-09-09,218.81,220.66,216,217,22706135,4.950173e+009
000858.SZSE,2020-09-10,220,225.76,219.96,223.2,23154133,5.168118e+009
000858.SZSE,2020-09-11,221.45,227.88,220.18,227.88,20470064,4.597798e+009
000858.SZSE,2020-09-14,229.08,231.44,224.18,230.08,20749216,4.747191e+009
000858.SZSE,2020-09-15,230,231.4,228,230.33,12036547,2.765307e+009
000858.SZSE,2020-09-16,230.74,232.19,225,226.02,18453747,4.206118e+009
000858.SZSE,2020-09-17,222.06,226,218.9,222.65,22801632,5.066621e+009
000858.SZSE,2020-09-18,222.65,229.52,220.82,229.52,19015650,4.291299e+009
000858.SZSE,2020-09-21,228,229.55,224.47,224.9,13028469,2.942681e+009
000858.SZSE,2020-09-22,222.46,226.77,222,222.9,12091370,2.711927e+009
000858.SZSE,2020-09-23,216.6,221.49,212.46,219.32,25179488,5.46943e+009
000858.SZSE,2020-09-24,218.08,221.37,215.88,216.3,16365237,3.569684e+009
000858.SZSE,2020-09-25,217.01,219.44,216.37,217.2,11251653,2.44937e+009
000858.SZSE,2020-09-28,218.34,222.85,218,220.13,15264425,3.363291e+009
000858.SZSE,2020-09-29,222,222.8,218.77,219.73,9972097,2.19977e+009
000858.SZSE,2020-09-30,221,225,220.1,221,16234185,3.608733e+009
000858.SZSE,2020-10-09,225,229.55,223.29,227.57,20893388,4.736862e+009
000858.SZSE,2020-10-12,229,242.01,229,241.75,32455704,7.713734e+009
000858.SZSE,2020-10-13,241.75,244.6,238.84,242.27,17191051,4.169972e+009
000858.SZSE,2020-10-14,241.79,244.33,238.18,239.4,18319372,4.414453e+009
000858.SZSE,2020-10-15,239.51,240.5,238.34,238.91,11176087,2.67355e+009
000858.SZSE,2020-10-16,238.9,240.82,235.24,236.88,11835750,2.812811e+009
000858.SZSE,2020-10-19,240,241.6,234.6,236.18,12290083,2.920521e+009
000858.SZSE,2020-10-20,236,241,235,240.98,17996331,4.313854e+009
000858.SZSE,2020-10-21,240.98,243.7,239.69,241.77,13707691,3.30965e+009
000858.SZSE,2020-10-22,242,242.99,236.68,241.74,15041607,3.620504e+009
000858.SZSE,2020-10-23,240.79,242.24,236.3,236.63,13452273,3.217551e+009
000858.SZSE,2020-10-26,230,234.59,223,232.61,16000039,3.696972e+009
000858.SZSE,2020-10-27,233.01,235.35,230.7,233.5,14302682,3.339002e+009
000858.SZSE,2020-10-28,235,242,233.42,239.98,17076230,4.079939e+009
000858.SZSE,2020-10-29,238.8,253.77,238.49,250,34962748,8.707107e+009
000858.SZSE,2020-10-30,246.95,250,243.27,244.35,23948951,5.883433e+009
000858.SZSE,2020-11-02,247.07,251.05,244.5,245.7,15733705,3.88044e+009
000858.SZSE,2020-11-03,248.1,250.4,245.5,250.4,16535083,4.112229e+009
000858.SZSE,2020-11-04,250.25,253,248.3,253,12992837,3.267105e+009
000858.SZSE,2020-11-05,255.99,259.85,254.05,259.41,18968980,4.898018e+009
000858.SZSE,2020-11-06,260.05,261.2,255.05,259.3,15116483,3.901814e+009
000858.SZSE,2020-11-09,261,270,260.6,270,20628388,5.513207e+009
000858.SZSE,2020-11-10,270.74,278.65,267.25,272.8,22308070,6.085548e+009
000858.SZSE,2020-11-11,270.7,279,268.35,268.9,22787338,6.218718e+009
000858.SZSE,2020-11-12,268.9,271.49,265,267.65,17623158,4.716978e+009
000858.SZSE,2020-11-13,265,267.37,258,265,18843071,4.950551e+009
000858.SZSE,2020-11-16,268,273.15,263.51,273,19577792,5.269426e+009
000858.SZSE,2020-11-17,272.99,274.55,266,269.1,17947672,4.847011e+009
000858.SZSE,2020-11-18,267.99,269.52,259,263.72,19456273,5.134605e+009
000858.SZSE,2020-11-19,262.34,266.3,260,264.7,12448246,3.287372e+009
000858.SZSE,2020-11-20,266.54,270.5,264.8,268.47,11122604,2.984187e+009
000858.SZSE,2020-11-23,271.5,277.77,271.5,272.58,15634214,4.282239e+009
000858.SZSE,2020-11-24,272.58,272.6,267,271.79,12503527,3.370155e+009
000858.SZSE,2020-11-25,271.8,272.39,262.81,262.97,16559440,4.404835e+009
000858.SZSE,2020-11-26,262.17,265.18,252.7,260.58,19905229,5.158676e+009
000858.SZSE,2020-11-27,260.58,262.31,258.1,262.3,11259290,2.933632e+009
000858.SZSE,2020-11-30,260.65,261.99,253.65,254,21174104,5.419776e+009
000858.SZSE,2020-12-01,255,258.88,255,257.99,13648057,3.50992e+009
000858.SZSE,2020-12-02,260,261.99,257.1,260.55,11637763,3.028626e+009
000858.SZSE,2020-12-03,260.06,262,258.97,261.63,9208685,2.403046e+009
000858.SZSE,2020-12-04,260.5,268,260.15,267.19,17051140,4.536005e+009
000858.SZSE,2020-12-07,267.21,275.2,267.21,270.24,19621618,5.339343e+009
000858.SZSE,2020-12-08,271.55,274.05,268.55,272,14777562,4.019961e+009
000858.SZSE,2020-12-09,273,274,269.5,269.72,11677649,3.166929e+009
000858.SZSE,2020-12-10,269,272,267.3,267.67,13410208,3.611982e+009
000858.SZSE,2020-12-11,268.85,269.99,263.4,267.52,15005255,3.995342e+009
000858.SZSE,2020-12-14,268.5,273.5,266.08,273.15,18174424,4.93779e+009
000858.SZSE,2020-12-15,273.15,273.3,267.31,270.8,14611814,3.949335e+009
000858.SZSE,2020-12-16,273,275,272,274.33,16025487,4.392612e+009
000858.SZSE,2020-12-17,274.54,280,274.21,277.81,19976098,5.547261e+009
000858.SZSE,2020-12-18,276.9,279.68,274.08,276.86,15082525,4.179755e+009
000858.SZSE,2020-12-21,275.31,281.98,275.31,281.91,16188978,4.5376e+009
000858.SZSE,2020-12-22,282.98,288,281.97,282.38,18706371,5.338603e+009
000858.SZSE,2020-12-23,283,288.5,275,278.29,25221586,7.103973e+009
000858.SZSE,2020-12-24,276,278.9,272.36,275.32,15616076,4.29394e+009
000858.SZSE,2020-12-25,272.6,277.43,271.5,275.92,11111390,3.05117e+009
000858.SZSE,2020-12-28,276,286.16,275.98,285.95,19381209,5.490499e+009
000858.SZSE,2020-12-29,286.08,286.66,279.18,281,14658930,4.136061e+009
000858.SZSE,2020-12-30,282.89,287.6,281.26,286.88,16882539,4.826857e+009
000858.SZSE,2020-12-31,288.01,294.47,288,291.85,16003830,4.661694e+009
600030.SHSE,2020-01-02,25.33788,25.48554,24.86538,25.09179,363413913,9.157399e+009
600030.SHSE,2020-01-03,24.94413,25.2296,24.70788,24.98351,186716128,4.662046e+009
600030.SHSE,2020-01-06,24.66851,25.44617,24.60945,24.92445,234060014,5.85493e+009
600030.SHSE,2020-01-07,25.0032,25.34773,24.70788,25.29851,203484311,5.097647e+009
600030.SHSE,2020-01-08,25.03273,25.08195,24.46179,24.55038,209891034,5.204058e+009
600030.SHSE,2020-01-09,24.93429,25.1607,24.81616,25.04257,166156033,4.151018e+009
600030.SHSE,2020-01-10,25.55445,25.68242,24.81616,25.15085,200071719,5.049383e+009
600030.SHSE,2020-01-13,25.05242,25.57414,24.63898,25.56429,192517873,4.832118e+009
600030.SHSE,2020-01-14,25.57414,25.73164,25.11148,25.1607,178716015,4.551675e+009
600030.SHSE,2020-01-15,25.0032,25.19023,24.80632,24.92445,115889630,2.890493e+009
600030.SHSE,2020-01-16,24.96382,24.96382,24.66851,24.71773,105483447,2.617122e+009
600030.SHSE,2020-01-17,24.87523,25.34773,24.83585,24.96382,131793137,3.30009e+009
600030.SHSE,2020-01-20,24.94413,25.37726,24.80632,25.35757,143053064,3.600438e+009
600030.SHSE,2020-01-21,25.0721,25.24929,24.71773,24.77679,171865812,4.287213e+009
600030.SHSE,2020-01-22,24.58976,25.03273,24.03851,24.80632,206858718,5.070796e+009
600030.SHSE,2020-01-23,24.30429,24.47163,23.251,23.52663,249140500,5.960882e+009
600030.SHSE,2020-02-03,21.17397,21.17397,21.17397,21.17397,76532607,1.620499e+009
600030.SHSE,2020-02-04,20.47506,21.59725,20.45537,21.39053,354088812,7.47724e+009
600030.SHSE,2020-02-05,21.42006,22.32569,21.18381,21.72522,246617780,5.359497e+009
600030.SHSE,2020-02-06,21.75475,22.43397,21.47912,22.27647,251773418,5.544992e+009
600030.SHSE,2020-02-07,22.12881,22.27647,21.85319,22.18788,186554015,4.119236e+009
600030.SHSE,2020-02-10,21.85319,22.4635,21.85319,22.31584,160548463,3.568549e+009
600030.SHSE,2020-02-11,22.47335,22.76866,22.28631,22.33553,179139435,4.024903e+009
600030.SHSE,2020-02-12,22.15834,22.71944,22.1485,22.54225,172874418,3.88047e+009
600030.SHSE,2020-02-13,22.4635,22.65053,22.1485,22.19772,151675080,3.388497e+009
600030.SHSE,2020-02-14,22.1485,22.88678,22.11897,22.621,205976797,4.649873e+009
600030.SHSE,2020-02-17,23.37897,23.91054,23.03444,23.80226,326080694,7.637323e+009
600030.SHSE,2020-02-18,23.80226,23.87116,23.34944,23.60538,194644269,4.594404e+009
600030.SHSE,2020-02-19,23.48725,24.07788,23.45772,23.62507,211647016,5.045242e+009
600030.SHSE,2020-02-20,23.69397,25.14101,23.69397,25.02288,396046748,9.687303e+009
600030.SHSE,2020-02-21,24.89491,25.58398,24.5996,24.78663,359137395,8.966404e+009
600030.SHSE,2020-02-24,24.5996,24.93429,24.41257,24.64882,248088312,6.120538e+009
600030.SHSE,2020-02-25,24.1271,24.85554,23.6546,24.81616,333306755,8.103705e+009
600030.SHSE,2020-02-26,24.31413,25.09179,24.14679,24.32398,292728698,7.210137e+009
600030.SHSE,2020-02-27,24.45194,24.89491,24.2846,24.38304,209670709,5.149812e+009
600030.SHSE,2020-02-28,23.61522,23.83179,22.91632,23.03444,296060841,6.928624e+009
600030.SHSE,2020-03-02,23.42819,24.40273,23.251,24.09757,258411686,6.171345e+009
600030.SHSE,2020-03-03,24.60945,25.05242,24.04835,24.34366,263429773,6.463974e+009
600030.SHSE,2020-03-04,24.27476,24.98351,24.06804,24.93429,280456399,6.888922e+009
600030.SHSE,2020-03-05,25.20992,25.91867,24.67835,25.58398,452505237,1.147486e+010
600030.SHSE,2020-03-06,25.27882,25.45601,24.70788,24.71773,267214565,6.677401e+009
600030.SHSE,2020-03-09,23.91054,24.38304,23.72351,23.93022,277803762,6.680581e+009
600030.SHSE,2020-03-10,23.97944,24.79648,23.78257,24.66851,268653860,6.541104e+009
600030.SHSE,2020-03-11,24.58976,24.5996,23.92038,23.95976,181910887,4.421697e+009
600030.SHSE,2020-03-12,23.62507,23.95976,23.48725,23.60538,172334142,4.077325e+009
600030.SHSE,2020-03-13,22.4635,23.80226,22.306,23.566,230966001,5.324452e+009
600030.SHSE,2020-03-16,23.51679,23.52663,22.29616,22.31584,209057286,4.797883e+009
600030.SHSE,2020-03-17,22.66038,22.91632,21.88272,22.57178,175489673,3.951195e+009
600030.SHSE,2020-03-18,22.67022,22.83757,21.85319,21.88272,154604709,3.470413e+009
600030.SHSE,2020-03-19,21.95163,22.27647,21.07553,22.01069,203974165,4.433633e+009
600030.SHSE,2020-03-20,22.19772,22.35522,21.85319,22.306,123246286,2.731567e+009
600030.SHSE,2020-03-23,21.45944,22.00084,21.41022,21.54803,112261991,2.430579e+009
600030.SHSE,2020-03-24,22.01069,22.08944,21.55787,21.96147,120707588,2.641222e+009
600030.SHSE,2020-03-25,22.45366,22.56194,22.28631,22.40444,131404017,2.948428e+009
600030.SHSE,2020-03-26,22.1485,22.40444,22.11897,22.12881,70892438,1.576599e+009
600030.SHSE,2020-03-27,22.36506,22.64069,22.16819,22.21741,92012149,2.058062e+009
600030.SHSE,2020-03-30,21.95163,22.02053,21.70553,21.92209,81687690,1.784456e+009
600030.SHSE,2020-03-31,22.16819,22.22725,21.80397,21.81381,64846194,1.425249e+009
600030.SHSE,2020-04-01,21.74491,22.09928,21.70553,21.75475,67731384,1.483011e+009
600030.SHSE,2020-04-02,21.676,22.07959,21.65631,22.07959,78747373,1.720306e+009
600030.SHSE,2020-04-03,21.92209,22.03038,21.72522,21.78428,59107113,1.291311e+009
600030.SHSE,2020-04-07,22.19772,22.29616,22.05006,22.22725,126088187,2.797519e+009
600030.SHSE,2020-04-08,22.09928,22.26663,22.05006,22.19772,76964347,1.70487e+009
600030.SHSE,2020-04-09,22.42413,22.621,22.29616,22.29616,116513143,2.61507e+009
600030.SHSE,2020-04-10,22.37491,22.51272,22.09928,22.13866,87212693,1.9426e+009
600030.SHSE,2020-04-13,22.05006,22.12881,21.85319,21.92209,59421108,1.305442e+009
600030.SHSE,2020-04-14,22.04022,23.43804,21.94178,22.84741,198791001,4.510932e+009
600030.SHSE,2020-04-15,22.54225,23.1821,22.47335,22.66038,154296014,3.517827e+009
600030.SHSE,2020-04-16,22.53241,23.62507,22.49303,23.30022,231512967,5.385384e+009
600030.SHSE,2020-04-17,23.31991,23.44788,22.97538,23.01475,152807207,3.546707e+009
600030.SHSE,2020-04-20,23.11319,23.17225,22.90647,23.12303,81632902,1.881766e+009
600030.SHSE,2020-04-21,22.96553,22.98522,22.60131,22.80803,92235157,2.099823e+009
600030.SHSE,2020-04-22,22.64069,22.87694,22.54225,22.82772,59135849,1.344829e+009
600030.SHSE,2020-04-23,22.81788,22.87694,22.56194,22.56194,63356384,1.438235e+009
600030.SHSE,2020-04-24,22.51272,22.68006,22.19772,22.34538,73484637,1.647882e+009
600030.SHSE,2020-04-27,22.3946,22.68991,22.35522,22.47335,62500056,1.409982e+009
600030.SHSE,2020-04-28,22.69975,23.08366,22.41428,22.92616,136503484,3.117772e+009
600030.SHSE,2020-04-29,22.69975,23.13288,22.67022,23.0246,81261136,1.865959e+009
600030.SHSE,2020-04-30,23.23132,23.50694,23.15257,23.32975,136083004,3.17741e+009
600030.SHSE,2020-05-06,22.81788,23.31007,22.74897,23.251,113623732,2.612451e+009
600030.SHSE,2020-05-07,23.251,23.37897,23.03444,23.04428,85972657,1.993833e+009
600030.SHSE,2020-05-08,23.28054,23.6546,23.07382,23.44788,155199463,3.637115e+009
600030.SHSE,2020-05-11,23.48725,23.60538,23.12303,23.20178,97351435,2.271423e+009
600030.SHSE,2020-05-12,23.3396,23.4085,23.0935,23.26085,66130148,1.538307e+009
600030.SHSE,2020-05-13,23.15257,23.44788,23.11319,23.36913,65050697,1.513294e+009
600030.SHSE,2020-05-14,23.23132,23.27069,23.05413,23.07382,66475552,1.538767e+009
600030.SHSE,2020-05-15,23.19194,23.23132,23.03444,23.07382,55728153,1.287375e+009
600030.SHSE,2020-05-18,23.03444,23.06397,22.68991,22.71944,90330719,2.063763e+009
600030.SHSE,2020-05-19,22.95569,23.01475,22.78835,22.84741,57407026,1.313884e+009
600030.SHSE,2020-05-20,22.78835,22.89663,22.65053,22.72928,67719931,1.541299e+009
600030.SHSE,2020-05-21,22.7785,22.91632,22.64069,22.66038,55707586,1.268712e+009
600030.SHSE,2020-05-22,22.67022,22.67022,21.95163,21.95163,99752328,2.21969e+009
600030.SHSE,2020-05-25,21.95163,22.05991,21.73506,21.86303,59933529,1.310654e+009
600030.SHSE,2020-05-26,21.991,22.12881,21.96147,22.11897,55555225,1.224515e+009
600030.SHSE,2020-05-27,22.13866,22.13866,21.86303,21.94178,46282785,1.016818e+009
600030.SHSE,2020-05-28,21.96147,22.3946,21.87287,22.12881,71061602,1.572007e+009
600030.SHSE,2020-05-29,21.97131,22.07959,21.90241,21.92209,47297183,1.038655e+009
600030.SHSE,2020-06-01,22.45366,22.96553,22.27647,22.7785,164424749,3.720139e+009
600030.SHSE,2020-06-02,22.68991,22.80803,22.54225,22.66038,84162602,1.907351e+009
600030.SHSE,2020-06-03,22.7785,22.95569,22.50288,22.54225,82032638,1.865845e+009
600030.SHSE,2020-06-04,22.7096,22.7096,22.36506,22.40444,60220739,1.354317e+009
600030.SHSE,2020-06-05,22.43397,22.53241,22.23709,22.48319,76009071,1.700335e+009
600030.SHSE,2020-06-08,22.621,22.7785,22.49303,22.61116,85310569,1.932328e+009
600030.SHSE,2020-06-09,22.54225,23.11319,22.53241,22.92616,114925880,2.631203e+009
600030.SHSE,2020-06-10,22.83757,22.87694,22.63085,22.69975,59072218,1.342545e+009
600030.SHSE,2020-06-11,22.68006,22.8671,22.42413,22.43397,86429871,1.954229e+009
600030.SHSE,2020-06-12,22.09928,22.44381,22.05006,22.25678,85552443,1.903335e+009
600030.SHSE,2020-06-15,22.25678,22.7096,22.21741,22.23709,102052184,2.292522e+009
600030.SHSE,2020-06-16,22.4635,22.64069,22.3946,22.50288,64817744,1.457967e+009
600030.SHSE,2020-06-17,22.47335,22.52256,22.25678,22.41428,61034210,1.366425e+009
600030.SHSE,2020-06-18,22.43397,22.84741,22.38475,22.71944,103799059,2.353803e+009
600030.SHSE,2020-06-19,22.78835,23.61522,22.72928,23.47741,281409353,6.544733e+009
600030.SHSE,2020-06-22,23.48725,24.5996,23.36913,23.73335,290150471,6.954609e+009
600030.SHSE,2020-06-23,23.62507,23.84163,23.35929,23.66444,143913084,3.396704e+009
600030.SHSE,2020-06-24,23.88101,24.45194,23.72351,23.87116,130734617,3.133588e+009
600030.SHSE,2020-06-29,23.42819,23.52663,23.04428,23.13288,154037327,3.577555e+009
600030.SHSE,2020-06-30,23.26085,24.06804,23.13288,23.73335,162519668,3.825097e+009
600030.SHSE,2020-07-01,23.72351,24.35351,23.55616,24.33382,187153719,4.478412e+009
600030.SHSE,2020-07-02,24.17632,25.87929,24.15663,25.65289,471483008,1.18769e+010
600030.SHSE,2020-07-03,26.67664,28.22211,25.9482,28.22211,736590106,1.991639e+010
600030.SHSE,2020-07-06,29.33446,31.04728,28.91118,31.04728,820145273,2.490733e+010
600030.SHSE,2020-07-07,32.06119,32.13994,30.12196,30.64368,759311037,2.365556e+010
600030.SHSE,2020-07-08,30.73228,33.7051,30.73228,32.97666,701434359,2.248617e+010
600030.SHSE,2020-07-09,31.99228,33.65588,31.64775,32.56322,567399791,1.847931e+010
600030.SHSE,2020-07-10,31.94306,32.36634,31.06696,31.27368,439655021,1.39226e+010
600030.SHSE,2020-07-13,31.254,32.97666,30.84056,31.97259,481142708,1.531592e+010
600030.SHSE,2020-07-14,31.50009,31.91353,30.90946,31.52962,329883603,1.036715e+010
600030.SHSE,2020-07-15,32.00212,32.6715,31.35243,31.50009,464377557,1.487873e+010
600030.SHSE,2020-07-16,31.0079,31.69697,28.74383,28.86196,538986685,1.631252e+010
600030.SHSE,2020-07-17,29.23602,29.4329,27.56258,28.17289,374980273,1.067976e+010
600030.SHSE,2020-07-20,28.81274,30.63384,28.58633,30.17118,385120009,1.136816e+010
600030.SHSE,2020-07-21,29.85618,30.35821,29.42305,29.85618,225900601,6.735068e+009
600030.SHSE,2020-07-22,29.9743,31.26384,29.68883,30.02352,351562551,1.072077e+010
600030.SHSE,2020-07-23,29.5904,30.25977,29.04899,30.0629,285762681,8.482938e+009
600030.SHSE,2020-07-24,29.75774,30.05305,27.86774,28.05477,349706316,1.005711e+010
600030.SHSE,2020-07-27,28.19258,28.25164,27.47398,28.05477,187931028,5.239756e+009
600030.SHSE,2020-07-28,28.38946,28.44852,27.71024,27.95633,147852204,4.147471e+009
600030.SHSE,2020-07-29,27.94649,29.44274,27.82836,29.30493,282043173,8.139619e+009
600030.SHSE,2020-07-30,29.53133,29.60024,28.9604,29.09821,197418020,5.781617e+009
600030.SHSE,2020-07-31,29.01946,30.1318,28.97024,29.49196,229193638,6.786976e+009
600030.SHSE,2020-08-03,29.83649,30.05305,29.29508,29.93493,232781372,6.917767e+009
600030.SHSE,2020-08-04,29.93493,30.2204,29.55102,29.7479,182109303,5.430284e+009
600030.SHSE,2020-08-05,29.61008,29.7479,29.20649,29.44274,163409978,4.810608e+009
600030.SHSE,2020-08-06,29.53133,32.38603,29.0293,31.57884,378492008,1.153831e+010
600030.SHSE,2020-08-07,30.41727,33.40978,29.83649,31.46071,494344343,1.541291e+010
600030.SHSE,2020-08-10,30.83071,33.81338,30.64368,32.69119,545832248,1.774985e+010
600030.SHSE,2020-08-11,32.41556,32.80931,30.66337,30.82087,383794778,1.224929e+010
600030.SHSE,2020-08-12,30.5354,31.14571,29.96446,30.60431,275991940,8.433158e+009
600030.SHSE,2020-08-13,30.6929,31.03743,30.23024,30.40743,165593680,5.060877e+009
600030.SHSE,2020-08-14,30.1318,30.98821,30.04321,30.87993,146695968,4.489544e+009
600030.SHSE,2020-08-17,31.50993,33.56728,31.50009,32.45494,389627412,1.264781e+010
600030.SHSE,2020-08-18,32.48447,33.28181,32.13009,32.62228,243148295,7.928442e+009
600030.SHSE,2020-08-19,32.58291,32.94713,32.02181,32.17931,227443232,7.411331e+009
600030.SHSE,2020-08-20,31.52962,31.9529,31.22446,31.4804,159138197,5.018497e+009
600030.SHSE,2020-08-21,31.7,32.25,31.5,31.92,122173646,3.889781e+009
600030.SHSE,2020-08-24,32.05,32.23,31.71,31.8,106378373,3.397787e+009
600030.SHSE,2020-08-25,31.99,32.45,31.6,31.68,125494124,4.012664e+009
600030.SHSE,2020-08-26,31.6,31.84,30.7,30.73,190694396,5.940088e+009
600030.SHSE,2020-08-27,30.73,31.3,30.5,30.97,118299438,3.650663e+009
600030.SHSE,2020-08-28,30.9,32.1,30.72,31.99,192199129,6.062001e+009
600030.SHSE,2020-08-31,32.3,32.91,31.8,31.8,218904215,7.094882e+009
600030.SHSE,2020-09-01,31.61,32.11,31.6,32.11,111589474,3.552312e+009
600030.SHSE,2020-09-02,32.2,32.32,31.41,31.9,145018242,4.631792e+009
600030.SHSE,2020-09-03,31.89,32.27,31.33,31.52,126474819,4.018951e+009
600030.SHSE,2020-09-04,30.79,31.29,30.71,31.04,112779651,3.498958e+009
600030.SHSE,2020-09-07,31.03,31.15,29.8,29.91,153562678,4.681671e+009
600030.SHSE,2020-09-08,29.95,30.97,29.88,30.65,140282872,4.260531e+009
600030.SHSE,2020-09-09,30.11,30.5,29.75,30.09,113509710,3.426218e+009
600030.SHSE,2020-09-10,30.35,30.65,29.93,30,106256565,3.217267e+009
600030.SHSE,2020-09-11,29.87,30.16,29.8,30.09,81850601,2.454892e+009
600030.SHSE,2020-09-14,30.09,30.18,29.84,30.05,65517748,1.966844e+009
600030.SHSE,2020-09-15,30.06,30.45,29.92,30.22,77337857,2.337365e+009
600030.SHSE,2020-09-16,30.22,30.63,30.08,30.23,80787975,2.45125e+009
600030.SHSE,2020-09-17,30.01,30.1,29.28,29.61,118171261,3.514088e+009
600030.SHSE,2020-09-18,29.6,31.1,29.55,30.9,197761866,6.019621e+009
600030.SHSE,2020-09-21,31.75,31.9,30.88,30.93,164735107,5.153658e+009
600030.SHSE,2020-09-22,30.67,31.5,30.5,30.62,126148471,3.901885e+009
600030.SHSE,2020-09-23,30.72,30.76,30.24,30.31,69218528,2.107562e+009
600030.SHSE,2020-09-24,30.2,30.39,29.93,29.95,80637739,2.427836e+009
600030.SHSE,2020-09-25,30.01,30.46,29.95,30.2,80364197,2.427031e+009
600030.SHSE,2020-09-28,30.07,30.4,30.06,30.22,60846664,1.839637e+009
600030.SHSE,2020-09-29,30.24,30.66,30.24,30.26,70814405,2.153124e+009
600030.SHSE,2020-09-30,30.52,30.54,29.89,30.03,74326531,2.247657e+009
600030.SHSE,2020-10-09,30.5,30.63,30.33,30.6,81713875,2.494232e+009
600030.SHSE,2020-10-12,30.9,31.85,30.79,31.72,163377337,5.143535e+009
600030.SHSE,2020-10-13,31.48,31.48,31.19,31.35,92755234,2.905979e+009
600030.SHSE,2020-10-14,31.35,31.45,30.88,30.95,73673058,2.288273e+009
600030.SHSE,2020-10-15,31,31.4,30.93,30.97,63153489,1.966195e+009
600030.SHSE,2020-10-16,30.97,31.25,30.9,31.08,65919939,2.048141e+009
600030.SHSE,2020-10-19,31.4,31.65,30.88,30.88,96885397,3.030674e+009
600030.SHSE,2020-10-20,30.81,30.89,30.22,30.65,85882144,2.620082e+009
600030.SHSE,2020-10-21,30.57,30.71,30.28,30.43,67498885,2.052696e+009
600030.SHSE,2020-10-22,30.38,30.67,30.1,30.44,76701663,2.328222e+009
600030.SHSE,2020-10-23,30.39,30.69,30.1,30.1,78831842,2.398658e+009
600030.SHSE,2020-10-26,29.93,29.93,28.9,29.02,138435135,4.045036e+009
600030.SHSE,2020-10-27,29,29.08,28.55,28.97,87771214,2.532515e+009
600030.SHSE,2020-10-28,28.89,29.44,28.79,29.26,77685048,2.264164e+009
600030.SHSE,2020-10-29,28.96,30,28.81,29.62,103831863,3.0592e+009
600030.SHSE,2020-10-30,29.36,29.59,28.62,28.63,103385375,3.004371e+009
600030.SHSE,2020-11-02,28.45,29,27.62,28.08,137284741,3.883515e+009
600030.SHSE,2020-11-03,28.27,29.04,28.16,28.73,97856636,2.80686e+009
600030.SHSE,2020-11-04,28.73,29.02,28.45,28.73,69412996,1.996026e+009
600030.SHSE,2020-11-05,29.37,29.45,28.9,29.19,92944658,2.712128e+009
600030.SHSE,2020-11-06,29.24,29.56,29.03,29.24,88002060,2.579182e+009
600030.SHSE,2020-11-09,29.52,30.65,29.34,30.27,176739367,5.31549e+009
600030.SHSE,2020-11-10,30.39,30.45,29.56,29.75,116126206,3.482326e+009
600030.SHSE,2020-11-11,29.68,29.75,29.23,29.26,70971561,2.086889e+009
600030.SHSE,2020-11-12,29.26,29.49,29.04,29.12,54346191,1.585678e+009
600030.SHSE,2020-11-13,29.05,29.05,28.5,28.71,82061511,2.352431e+009
600030.SHSE,2020-11-16,28.92,29.05,28.62,28.97,61822893,1.785044e+009
600030.SHSE,2020-11-17,28.93,29.13,28.66,29.13,65990441,1.903319e+009
600030.SHSE,2020-11-18,29.13,29.53,29.07,29.15,85966501,2.517937e+009
600030.SHSE,2020-11-19,29,29.46,28.77,29.33,72357130,2.105622e+009
600030.SHSE,2020-11-20,29.33,29.42,29.2,29.42,55347378,1.623247e+009
600030.SHSE,2020-11-23,29.41,30.25,29.23,29.9,151545340,4.522019e+009
600030.SHSE,2020-11-24,29.89,29.89,29.48,29.53,88560970,2.626343e+009
600030.SHSE,2020-11-25,29.75,29.97,29.22,29.22,84256533,2.492453e+009
600030.SHSE,2020-11-26,29.21,29.39,29,29.3,62000951,1.809506e+009
600030.SHSE,2020-11-27,29.38,29.98,29.24,29.98,111440154,3.309352e+009
600030.SHSE,2020-11-30,30.3,31.5,30.18,30.3,299790921,9.263539e+009
600030.SHSE,2020-12-01,30.21,31.65,30.05,31.3,227756383,7.047065e+009
600030.SHSE,2020-12-02,31.3,31.6,30.8,31.08,156773587,4.8854e+009
600030.SHSE,2020-12-03,31.03,31.23,30.82,30.9,95761478,2.969043e+009
600030.SHSE,2020-12-04,30.95,30.97,30.18,30.3,122822708,3.728787e+009
600030.SHSE,2020-12-07,30.31,30.49,29.98,30.01,89856976,2.706322e+009
600030.SHSE,2020-12-08,29.99,30.23,29.82,30.01,74325594,2.234187e+009
600030.SHSE,2020-12-09,30.1,30.28,29.29,29.29,109933791,3.279291e+009
600030.SHSE,2020-12-10,29.2,29.48,28.85,29.16,105444462,3.067176e+009
600030.SHSE,2020-12-11,29.13,29.25,28.53,28.75,101138981,2.921227e+009
600030.SHSE,2020-12-14,28.8,28.93,28.62,28.84,54477222,1.569747e+009
600030.SHSE,2020-12-15,28.8,28.89,28.44,28.81,72795506,2.085015e+009
600030.SHSE,2020-12-16,28.87,28.96,28.56,28.61,59936753,1.721769e+009
600030.SHSE,2020-12-17,28.52,29.27,28.41,29.22,98178231,2.839885e+009
600030.SHSE,2020-12-18,29.05,29.25,28.75,28.81,66384473,1.920951e+009
600030.SHSE,2020-12-21,28.7,29.11,28.52,29.03,66578392,1.924522e+009
600030.SHSE,2020-12-22,28.96,28.96,28,28.01,122566471,3.48757e+009
600030.SHSE,2020-12-23,28.02,28.36,27.9,28.2,77782008,2.185112e+009
600030.SHSE,2020-12-24,28.19,28.4,27.9,28.06,61188990,1.717373e+009
600030.SHSE,2020-12-25,27.9,28.24,27.7,28.02,75959697,2.127687e+009
600030.SHSE,2020-12-28,27.9,28.26,27.77,27.98,74036266,2.070095e+009
600030.SHSE,2020-12-29,28.09,28.52,28,28.15,81814054,2.308757e+009
600030.SHSE,2020-12-30,28.09,28.5,27.96,28.5,105013574,2.966992e+009
600030.SHSE,2020-12-31,28.8,29.76,28.77,29.4,216591275,6.349143e+009
600519.SHSE,2020-01-02,1115.05,1131.914,1103.188,1117.027,14981913,1.669684e+010
600519.SHSE,2020-01-03,1104.177,1104.177,1064.537,1066.178,13183225,1.426638e+010
600519.SHSE,2020-01-06,1058.566,1080.353,1055.047,1065.614,6415125,6.853918e+009
600519.SHSE,2020-01-07,1065.13,1086.383,1064.043,1081.964,4840934,5.220697e+009
600519.SHSE,2020-01-08,1072.593,1082.923,1070.152,1075.648,2529869,2.720372e+009
600519.SHSE,2020-01-09,1081.441,1092.7,1077.486,1090.041,3784029,4.11095e+009
600519.SHSE,2020-01-10,1096.268,1103.178,1089.843,1099.728,3639368,3.993457e+009
600519.SHSE,2020-01-13,1099.728,1116.236,1099.234,1111.363,3896306,4.325688e+009
600519.SHSE,2020-01-14,1111.294,1111.976,1090.337,1094.687,3555281,3.916301e+009
600519.SHSE,2020-01-15,1096.278,1108.724,1092.314,1099.362,2633140,2.895604e+009
600519.SHSE,2020-01-16,1106.025,1106.025,1089.922,1094.291,2346099,2.571593e+009
600519.SHSE,2020-01-17,1097.257,1100.005,1088.37,1094.786,2374535,2.599645e+009
600519.SHSE,2020-01-20,1099.096,1099.096,1069.578,1078.475,3580232,3.858247e+009
600519.SHSE,2020-01-21,1068.59,1074.521,1059.99,1062.955,3325584,3.542441e+009
600519.SHSE,2020-01-22,1057.716,1071.555,1043.264,1063.163,3662045,3.875275e+009
600519.SHSE,2020-01-23,1063.647,1063.647,1025.095,1040.714,5408939,5.638946e+009
600519.SHSE,2020-02-03,973.6919,999.0771,968.7493,992.3947,12487650,1.231499e+010
600519.SHSE,2020-02-04,1003.348,1044.865,999.4033,1026.093,6335147,6.490469e+009
600519.SHSE,2020-02-05,1037.946,1041.9,1021.171,1037.936,4796894,4.956355e+009
600519.SHSE,2020-02-06,1047.267,1062.659,1039.943,1058.705,4771904,5.011246e+009
600519.SHSE,2020-02-07,1057.726,1064.636,1048.839,1063.647,3164197,3.348895e+009
600519.SHSE,2020-02-10,1049.808,1062.263,1045.063,1054.246,3088802,3.251909e+009
600519.SHSE,2020-02-11,1050.796,1087.055,1050.599,1085.395,4847443,5.222919e+009
600519.SHSE,2020-02-12,1076.498,1086.176,1073.414,1084.673,2845207,3.072294e+009
600519.SHSE,2020-02-13,1085.395,1101.102,1075.519,1078.475,3070992,3.335277e+009
600519.SHSE,2020-02-14,1077.931,1080.956,1070.676,1075.509,2355805,2.534568e+009
600519.SHSE,2020-02-17,1070.073,1083.605,1069.974,1081.263,2734212,2.946183e+009
600519.SHSE,2020-02-18,1077.496,1084.288,1070.567,1071.555,2697464,2.89773e+009
600519.SHSE,2020-02-19,1072.544,1088.854,1065.624,1083.912,3748177,4.052366e+009
600519.SHSE,2020-02-20,1084.11,1111.096,1082.834,1105.165,4734617,5.220661e+009
600519.SHSE,2020-02-21,1098.7,1110.641,1097.267,1100.104,2927618,3.225337e+009
600519.SHSE,2020-02-24,1092.809,1097.257,1073.038,1074.699,3909923,4.221857e+009
600519.SHSE,2020-02-25,1065.624,1069.667,1055.62,1062.471,3883142,4.127432e+009
600519.SHSE,2020-02-26,1049.808,1071.555,1042.888,1061.374,4406687,4.663278e+009
600519.SHSE,2020-02-27,1063.647,1082.419,1063.647,1074.906,3489894,3.758784e+009
600519.SHSE,2020-02-28,1058.013,1069.578,1037.916,1044.865,5052663,5.307929e+009
600519.SHSE,2020-03-02,1038.054,1083.961,1037.956,1073.542,4821658,5.154329e+009
600519.SHSE,2020-03-03,1085.395,1106.035,1085.395,1100.222,5083374,5.585228e+009
600519.SHSE,2020-03-04,1112.085,1125.924,1103.425,1115.96,5441772,6.080149e+009
600519.SHSE,2020-03-05,1123.265,1161.501,1117.581,1157.557,6315145,7.210485e+009
600519.SHSE,2020-03-06,1149.648,1162.499,1138.755,1142.235,3099685,3.553622e+009
600519.SHSE,2020-03-09,1121.97,1121.97,1098.552,1101.221,4390817,4.865289e+009
600519.SHSE,2020-03-10,1100.222,1154.591,1100.222,1142.729,5873725,6.635936e+009
600519.SHSE,2020-03-11,1142.235,1156.153,1127.901,1145.22,3596041,4.124608e+009
600519.SHSE,2020-03-12,1128.118,1139.763,1112.184,1125.43,3705604,4.172606e+009
600519.SHSE,2020-03-13,1077.486,1116.019,1067.601,1099.264,7676661,8.348496e+009
600519.SHSE,2020-03-16,1091.306,1095.23,1049.808,1054.751,5182753,5.548947e+009
600519.SHSE,2020-03-17,1042.888,1065.624,999.5121,1033.102,8028077,8.277473e+009
600519.SHSE,2020-03-18,1028.061,1047.831,996.418,996.418,7431301,7.582763e+009
600519.SHSE,2020-03-19,982.5787,1003.348,949.0778,984.5656,10345274,1.007588e+010
600519.SHSE,2020-03-20,999.3934,1031.026,999.3934,1023.395,6083762,6.169094e+009
600519.SHSE,2020-03-23,988.5197,1023.395,980.1371,1007.302,4903504,4.918122e+009
600519.SHSE,2020-03-24,1031.026,1046.724,1023.118,1043.877,4719275,4.900364e+009
600519.SHSE,2020-03-25,1075.49,1078.831,1061.868,1067.7,3747893,4.015061e+009
600519.SHSE,2020-03-26,1061.008,1078.673,1049.808,1052.694,3039753,3.231754e+009
600519.SHSE,2020-03-27,1072.544,1079.464,1062.669,1063.153,3668224,3.931759e+009
600519.SHSE,2020-03-30,1048.078,1064.636,1044.865,1059.693,3104380,3.279823e+009
600519.SHSE,2020-03-31,1069.578,1102.199,1069.381,1098.245,4854164,5.293171e+009
600519.SHSE,2020-04-01,1104.177,1116.039,1090.337,1090.337,3359098,3.700184e+009
600519.SHSE,2020-04-02,1091.326,1131.855,1091.207,1131.855,4573061,5.095168e+009
600519.SHSE,2020-04-03,1125.954,1134.781,1118.985,1126.705,2793835,3.148422e+009
600519.SHSE,2020-04-07,1148.61,1153.108,1135.7,1146.633,4399305,5.041525e+009
600519.SHSE,2020-04-08,1138.775,1152.92,1138.775,1146.446,2450575,2.809422e+009
600519.SHSE,2020-04-09,1152.614,1155.58,1134.781,1145.2,2308196,2.64023e+009
600519.SHSE,2020-04-10,1144.587,1167.936,1140.257,1151.625,2812725,3.252601e+009
600519.SHSE,2020-04-13,1151.625,1156.548,1135.315,1148.956,1616707,1.854564e+009
600519.SHSE,2020-04-14,1162.499,1177.871,1152.614,1171.495,3722693,4.340859e+009
600519.SHSE,2020-04-15,1178.316,1190.168,1173.472,1175.943,2967294,3.501318e+009
600519.SHSE,2020-04-16,1179.274,1183.357,1170.506,1183.357,2198008,2.588432e+009
600519.SHSE,2020-04-17,1196.109,1220.387,1191.176,1211.925,3868986,4.676618e+009
600519.SHSE,2020-04-20,1206.983,1217.362,1202.831,1213.21,2452014,2.963483e+009
600519.SHSE,2020-04-21,1207.002,1209.938,1179.304,1186.224,2956362,3.517018e+009
600519.SHSE,2020-04-22,1192.155,1235.155,1188.418,1230.213,4454613,5.430378e+009
600519.SHSE,2020-04-23,1235.65,1251.15,1233.445,1237.884,2721090,3.377042e+009
600519.SHSE,2020-04-24,1233.673,1245.426,1221,1236.203,1934448,2.390444e+009
600519.SHSE,2020-04-27,1242.569,1263.496,1236.599,1261.351,2620475,3.284513e+009
600519.SHSE,2020-04-28,1270.554,1285.016,1257.278,1264.445,3506445,4.458549e+009
600519.SHSE,2020-04-29,1263.13,1273.312,1243.558,1260.264,2371633,2.976725e+009
600519.SHSE,2020-04-30,1256.409,1270.258,1244.428,1251.169,2494727,3.134409e+009
600519.SHSE,2020-05-06,1236.638,1285.076,1235.65,1285.076,3625098,4.59859e+009
600519.SHSE,2020-05-07,1284.483,1299.894,1278.156,1296.938,2825916,3.647628e+009
600519.SHSE,2020-05-08,1301.88,1322.639,1293.488,1299.518,2941639,3.839218e+009
600519.SHSE,2020-05-11,1304.846,1319.674,1298.589,1307.821,2394610,3.135991e+009
600519.SHSE,2020-05-12,1302.869,1319.664,1300.892,1317.697,1995085,2.621825e+009
600519.SHSE,2020-05-13,1317.697,1322.629,1307.693,1320.613,2226998,2.931465e+009
600519.SHSE,2020-05-14,1314.731,1319.555,1309.897,1311.36,1879064,2.467976e+009
600519.SHSE,2020-05-15,1313.743,1318.191,1286.934,1297.926,2670466,3.469737e+009
600519.SHSE,2020-05-18,1291.007,1335.984,1290.147,1330.755,3476118,4.58799e+009
600519.SHSE,2020-05-19,1348.341,1348.341,1322.639,1330.656,2507533,3.34221e+009
600519.SHSE,2020-05-20,1330.656,1343.576,1321.463,1335.49,2142942,2.859455e+009
600519.SHSE,2020-05-21,1339.444,1356.21,1337.329,1350.417,2331929,3.147105e+009
600519.SHSE,2020-05-22,1350.318,1350.417,1307.693,1312.952,3482729,4.608696e+009
600519.SHSE,2020-05-25,1314.731,1350.891,1305.835,1347.254,3192754,4.260388e+009
600519.SHSE,2020-05-26,1354.153,1354.223,1339.444,1342.41,2273115,3.056188e+009
600519.SHSE,2020-05-27,1343.398,1344.387,1317.697,1322.639,2708839,3.596654e+009
600519.SHSE,2020-05-28,1322.61,1331.477,1305.963,1328.571,2679351,3.536547e+009
600519.SHSE,2020-05-29,1316.807,1354.252,1316.807,1350.911,3079792,4.144247e+009
600519.SHSE,2020-06-01,1365.146,1403.797,1365.146,1403.204,3589181,4.986179e+009
600519.SHSE,2020-06-02,1399.754,1411.507,1390.511,1394.515,2626159,3.679211e+009
600519.SHSE,2020-06-03,1398.755,1401.227,1379.746,1383.236,2383095,3.308383e+009
600519.SHSE,2020-06-04,1379.974,1394.801,1379.974,1391.826,1824689,2.53446e+009
600519.SHSE,2020-06-05,1389.117,1412.476,1384.995,1408.641,1856014,2.597525e+009
600519.SHSE,2020-06-08,1408.641,1418.526,1385.915,1389.958,2964073,4.145298e+009
600519.SHSE,2020-06-09,1391.836,1408.641,1384.6,1400.288,2287452,3.19985e+009
600519.SHSE,2020-06-10,1408.641,1416.875,1400.732,1407.316,2296438,3.234844e+009
600519.SHSE,2020-06-11,1394.811,1401.711,1380.952,1384.382,3106838,4.314846e+009
600519.SHSE,2020-06-12,1371.245,1400.11,1367.429,1400.11,2875756,3.992323e+009
600519.SHSE,2020-06-15,1385.905,1395.394,1365.146,1367.123,3501742,4.819512e+009
600519.SHSE,2020-06-16,1382.445,1397.767,1377.136,1387.763,2954583,4.099719e+009
600519.SHSE,2020-06-17,1395.651,1395.691,1379.005,1388.87,1967899,2.730097e+009
600519.SHSE,2020-06-18,1388.771,1396.976,1384.026,1396.778,2125442,2.9568e+009
600519.SHSE,2020-06-19,1403.698,1428.609,1398.854,1423.31,3941078,5.603233e+009
600519.SHSE,2020-06-22,1418.625,1427.314,1416.746,1422.48,2351698,3.343537e+009
600519.SHSE,2020-06-23,1418.526,1464.986,1417.063,1457.572,3432836,4.963195e+009
600519.SHSE,2020-06-24,1463.6,1465.71,1445,1460.01,2513899,3.663537e+009
600519.SHSE,2020-06-29,1448,1466,1437.01,1463.17,2808061,4.064048e+009
600519.SHSE,2020-06-30,1463.12,1468.98,1455.12,1462.88,2244614,3.281641e+009
600519.SHSE,2020-07-01,1468,1506.1,1464.02,1494.27,3868249,5.75964e+009
600519.SHSE,2020-07-02,1499,1550.9,1495,1544,4588372,7.01429e+009
600519.SHSE,2020-07-03,1550,1552.5,1516.88,1541.79,3512581,5.395637e+009
600519.SHSE,2020-07-06,1538,1616,1531.81,1600,5182196,8.228069e+009
600519.SHSE,2020-07-07,1603.09,1744.82,1601,1688,6666393,1.121985e+010
600519.SHSE,2020-07-08,1680,1719,1660,1681.34,5316998,8.963189e+009
600519.SHSE,2020-07-09,1691,1712,1682,1706,3503324,5.951733e+009
600519.SHSE,2020-07-10,1689,1736.6,1688.94,1713.85,3710044,6.352507e+009
600519.SHSE,2020-07-13,1714.68,1787,1714.68,1781.99,6072716,1.067946e+010
600519.SHSE,2020-07-14,1781.99,1782.03,1748.4,1762,4609351,8.135835e+009
600519.SHSE,2020-07-15,1744.88,1782.6,1744.71,1752.53,4071294,7.176561e+009
600519.SHSE,2020-07-16,1729.91,1729.91,1600,1614,10224219,1.690137e+010
600519.SHSE,2020-07-17,1620,1672.59,1620,1648.05,6590206,1.086342e+010
600519.SHSE,2020-07-20,1652.5,1663.99,1588.88,1636.96,4528033,7.363823e+009
600519.SHSE,2020-07-21,1646.64,1702.8,1630.99,1668,4196950,7.026353e+009
600519.SHSE,2020-07-22,1658,1710,1658,1678.08,3920121,6.637265e+009
600519.SHSE,2020-07-23,1672,1691,1650,1676,3432052,5.73905e+009
600519.SHSE,2020-07-24,1654.85,1666,1585,1595.3,7875201,1.270594e+010
600519.SHSE,2020-07-27,1616.01,1629.8,1600,1622.55,3878817,6.279664e+009
600519.SHSE,2020-07-28,1630,1680,1630,1670,5491152,9.133722e+009
600519.SHSE,2020-07-29,1690,1690,1633,1672,5074843,8.41179e+009
600519.SHSE,2020-07-30,1671.2,1700.59,1670.5,1680,3837304,6.486855e+009
600519.SHSE,2020-07-31,1685,1705,1646,1678.18,4068474,6.846747e+009
600519.SHSE,2020-08-03,1686.88,1696.58,1660,1668,3466114,5.790041e+009
600519.SHSE,2020-08-04,1675,1682.99,1660,1669.99,3194051,5.337186e+009
600519.SHSE,2020-08-05,1662.09,1673.09,1643.31,1668,2552169,4.236612e+009
600519.SHSE,2020-08-06,1670,1674.03,1630,1637.96,3264878,5.372943e+009
600519.SHSE,2020-08-07,1644.77,1649.67,1598.5,1631,3424205,5.560066e+009
600519.SHSE,2020-08-10,1627.97,1644.96,1608.11,1633.99,2362354,3.857721e+009
600519.SHSE,2020-08-11,1640,1666.43,1640,1642.51,3581818,5.936905e+009
600519.SHSE,2020-08-12,1633,1641,1605.25,1626.95,2793392,4.529267e+009
600519.SHSE,2020-08-13,1630,1638.88,1609,1635,2054134,3.341652e+009
600519.SHSE,2020-08-14,1639.9,1665.7,1631,1661,3765318,6.230475e+009
600519.SHSE,2020-08-17,1674,1704.35,1670,1690,4357201,7.363611e+009
600519.SHSE,2020-08-18,1697.38,1720,1691,1705,3042281,5.192752e+009
600519.SHSE,2020-08-19,1700,1717,1682.99,1687,2691498,4.578144e+009
600519.SHSE,2020-08-20,1674,1679,1656,1664,2238233,3.727184e+009
600519.SHSE,2020-08-21,1673,1698,1671,1676,2508241,4.217048e+009
600519.SHSE,2020-08-24,1700,1708,1691.01,1696.35,3093344,5.260287e+009
600519.SHSE,2020-08-25,1704.8,1746.78,1698.63,1727,4187249,7.22731e+009
600519.SHSE,2020-08-26,1734,1745,1715.02,1727,2621573,4.530374e+009
600519.SHSE,2020-08-27,1731.99,1733.98,1705,1731,2263553,3.896759e+009
600519.SHSE,2020-08-28,1731,1764,1721.5,1757,4229962,7.389242e+009
600519.SHSE,2020-08-31,1770.58,1816,1770.58,1786.5,4781036,8.608933e+009
600519.SHSE,2020-09-01,1792,1802,1775.01,1801.98,3163992,5.661594e+009
600519.SHSE,2020-09-02,1825,1828,1770,1795,3200929,5.746352e+009
600519.SHSE,2020-09-03,1795,1812,1779.7,1793,3043735,5.471334e+009
600519.SHSE,2020-09-04,1766,1776.99,1746,1770,3085796,5.433479e+009
600519.SHSE,2020-09-07,1760,1777.99,1703.97,1723.5,3111202,5.446355e+009
600519.SHSE,2020-09-08,1732,1737.8,1677.07,1711.4,3447238,5.865963e+009
600519.SHSE,2020-09-09,1699.67,1711,1680.04,1688,2596355,4.401806e+009
600519.SHSE,2020-09-10,1703.74,1720,1700,1705.8,2477833,4.236694e+009
600519.SHSE,2020-09-11,1688,1736,1688,1733,3108800,5.339883e+009
600519.SHSE,2020-09-14,1745,1769,1730.58,1766,3105601,5.448189e+009
600519.SHSE,2020-09-15,1769.99,1769.99,1747.75,1760,2082087,3.654872e+009
600519.SHSE,2020-09-16,1760,1764.81,1719,1725.1,2251598,3.916458e+009
600519.SHSE,2020-09-17,1700,1700,1658,1670.52,6367985,1.068335e+010
600519.SHSE,2020-09-18,1665,1695,1635.01,1695,4720140,7.853673e+009
600519.SHSE,2020-09-21,1692.76,1692.76,1666.66,1666.8,2244407,3.756765e+009
600519.SHSE,2020-09-22,1650,1686.98,1650,1665.69,2326547,3.89007e+009
600519.SHSE,2020-09-23,1635,1666.01,1621.02,1649.98,3572552,5.878691e+009
600519.SHSE,2020-09-24,1635.97,1658.88,1626.8,1629.32,3005078,4.915392e+009
600519.SHSE,2020-09-25,1630,1650,1625,1635.11,2258296,3.700843e+009
600519.SHSE,2020-09-28,1635.19,1668.5,1635.19,1661,2423222,4.01964e+009
600519.SHSE,2020-09-29,1669.33,1669.4,1652.3,1652.3,1743078,2.895081e+009
600519.SHSE,2020-09-30,1660,1691.9,1660,1668.5,2708781,4.536013e+009
600519.SHSE,2020-10-09,1692,1706.42,1688,1696,3423988,5.817281e+009
600519.SHSE,2020-10-12,1700,1750.61,1700,1750.61,4372904,7.597988e+009
600519.SHSE,2020-10-13,1750.62,1750.62,1735,1739,2294389,3.995561e+009
600519.SHSE,2020-10-14,1740,1746.98,1726,1729,2048139,3.554317e+009
600519.SHSE,2020-10-15,1721.13,1735,1721,1725,1620436,2.801251e+009
600519.SHSE,2020-10-16,1725,1734.58,1703,1712,1737738,2.991247e+009
600519.SHSE,2020-10-19,1725,1733.98,1691.9,1699,1922632,3.284383e+009
600519.SHSE,2020-10-20,1699.99,1734.97,1695,1734,2773493,4.787808e+009
600519.SHSE,2020-10-21,1734.1,1742.15,1723,1733.33,1890137,3.275357e+009
600519.SHSE,2020-10-22,1730,1745,1715.51,1742.5,2248087,3.89773e+009
600519.SHSE,2020-10-23,1740.78,1747.59,1714,1715.33,1929169,3.339987e+009
600519.SHSE,2020-10-26,1619,1662.92,1600,1643,6601529,1.082191e+010
600519.SHSE,2020-10-27,1643,1644,1616.12,1625,4394440,7.156688e+009
600519.SHSE,2020-10-28,1626,1677,1625.08,1664.81,3463653,5.739452e+009
600519.SHSE,2020-10-29,1654.84,1708,1647,1676,3937376,6.633169e+009
600519.SHSE,2020-10-30,1678,1696,1665,1670.02,2605545,4.379602e+009
600519.SHSE,2020-11-02,1675,1695,1672,1674.01,2106643,3.544422e+009
600519.SHSE,2020-11-03,1684.99,1705.9,1675.5,1695,2349749,3.976621e+009
600519.SHSE,2020-11-04,1700,1704,1685,1699.58,1644371,2.788396e+009
600519.SHSE,2020-11-05,1717,1732.48,1712.1,1721.9,2352414,4.053043e+009
600519.SHSE,2020-11-06,1730.55,1731.59,1690,1700.62,2305153,3.932702e+009
600519.SHSE,2020-11-09,1701.38,1750.68,1700.62,1742.57,4146970,7.19868e+009
600519.SHSE,2020-11-10,1752.92,1764.48,1736,1745,3018944,5.287968e+009
600519.SHSE,2020-11-11,1745,1777.5,1731,1731.35,3485073,6.122365e+009
600519.SHSE,2020-11-12,1730.01,1750,1722.27,1734.79,2347309,4.07173e+009
600519.SHSE,2020-11-13,1724,1728.88,1691,1705,2815548,4.791276e+009
600519.SHSE,2020-11-16,1711,1730.05,1697.26,1730.05,3061349,5.247897e+009
600519.SHSE,2020-11-17,1740,1742.35,1701.07,1715.8,2522403,4.355288e+009
600519.SHSE,2020-11-18,1715,1720.53,1683.16,1693.65,3517895,5.973147e+009
600519.SHSE,2020-11-19,1684.5,1725,1680.6,1720.19,2781576,4.767509e+009
600519.SHSE,2020-11-20,1720,1736,1712.65,1719.96,2187466,3.771895e+009
600519.SHSE,2020-11-23,1771.01,1809.9,1771.01,1790.21,6663724,1.192687e+010
600519.SHSE,2020-11-24,1769.99,1782.5,1751.47,1763.5,3246536,5.73696e+009
600519.SHSE,2020-11-25,1761.5,1768.88,1724,1726.88,2822632,4.910541e+009
600519.SHSE,2020-11-26,1726,1739.99,1725.18,1734.39,2322830,4.027749e+009
600519.SHSE,2020-11-27,1732.66,1740.03,1718,1737.9,2156861,3.737698e+009
600519.SHSE,2020-11-30,1735,1738.9,1713.91,1713.91,3194007,5.520322e+009
600519.SHSE,2020-12-01,1726,1738.99,1720.01,1737,2819620,4.891829e+009
600519.SHSE,2020-12-02,1746,1749,1731,1738.01,2357169,4.101369e+009
600519.SHSE,2020-12-03,1738.01,1755.66,1732.1,1749,2950578,5.147358e+009
600519.SHSE,2020-12-04,1752,1800.1,1752,1793.11,6249119,1.117605e+010
600519.SHSE,2020-12-07,1802.7,1840.39,1800.55,1812.4,5833133,1.061731e+010
600519.SHSE,2020-12-08,1815,1875,1813,1850,6145400,1.133335e+010
600519.SHSE,2020-12-09,1865.95,1866,1839,1840,3115212,5.766038e+009
600519.SHSE,2020-12-10,1840,1849.77,1828,1832.9,3265354,6.00924e+009
600519.SHSE,2020-12-11,1834.78,1837.32,1804.81,1820,3077579,5.59536e+009
600519.SHSE,2020-12-14,1827.77,1829.98,1815,1829,3305200,6.026813e+009
600519.SHSE,2020-12-15,1833.5,1837.22,1805,1816.01,2960497,5.383582e+009
600519.SHSE,2020-12-16,1830.5,1845.67,1820.21,1840,3215016,5.901298e+009
600519.SHSE,2020-12-17,1845.5,1868,1840,1865.51,3603064,6.683422e+009
600519.SHSE,2020-12-18,1851.81,1869.01,1841.08,1845,2707698,5.020969e+009
600519.SHSE,2020-12-21,1840,1851.23,1837.6,1842.5,3069672,5.663527e+009
600519.SHSE,2020-12-22,1849.97,1898.99,1842.51,1881,4065060,7.618583e+009
600519.SHSE,2020-12-23,1897.99,1906.2,1821.02,1841.65,4770609,8.901002e+009
600519.SHSE,2020-12-24,1818,1858.88,1795.02,1830.34,3785714,6.921989e+009
600519.SHSE,2020-12-25,1802.99,1847,1800,1830,2308805,4.218998e+009
600519.SHSE,2020-12-28,1826.6,1888.8,1826.05,1873,3008037,5.616529e+009
600519.SHSE,2020-12-29,1873,1886.8,1855,1867,2286759,4.275995e+009
600519.SHSE,2020-12-30,1870,1933,1869.99,1933,3445210,6.604461e+009
600519.SHSE,2020-12-31,1941,1998.98,1939,1998,3886007,7.682301e+009
601318.SHSE,2020-01-02,83.53801,84.40354,83.51856,83.75196,80025670,6.712532e+009
601318.SHSE,2020-01-03,84.42299,84.49106,83.53801,83.82976,61180273,5.137312e+009
601318.SHSE,2020-01-06,83.55746,84.48134,83.14901,83.24626,65444324,5.487968e+009
601318.SHSE,2020-01-07,83.64499,84.08261,83.31433,83.78114,46497369,3.88645e+009
601318.SHSE,2020-01-08,83.61581,83.61581,82.17651,82.66276,64581095,5.347387e+009
601318.SHSE,2020-01-09,83.22681,83.25598,82.36128,82.70166,61564026,5.09024e+009
601318.SHSE,2020-01-10,83.00313,83.04203,82.28348,82.44881,54073313,4.460689e+009
601318.SHSE,2020-01-13,82.67248,84.09234,82.44881,84.07289,83350759,6.944782e+009
601318.SHSE,2020-01-14,84.80226,85.40522,84.29656,84.44244,73694559,6.246206e+009
601318.SHSE,2020-01-15,84.42299,84.72446,83.32406,83.45049,54109504,4.530511e+009
601318.SHSE,2020-01-16,83.93674,83.99509,83.19763,83.19763,51267613,4.283072e+009
601318.SHSE,2020-01-17,83.78114,84.51051,83.48939,83.87839,57107295,4.78652e+009
601318.SHSE,2020-01-20,85.87202,86.26102,84.94814,85.19127,96251692,8.248579e+009
601318.SHSE,2020-01-21,84.60776,84.88979,83.24626,83.24626,74815130,6.273909e+009
601318.SHSE,2020-01-22,82.66276,83.12956,81.52493,82.87671,75740317,6.23578e+009
601318.SHSE,2020-01-23,81.69998,82.23486,80.21205,81.19428,111055759,9.019354e+009
601318.SHSE,2020-02-03,74.40621,77.07087,74.29923,75.57321,208893814,1.577934e+010
601318.SHSE,2020-02-04,76.14699,78.74357,76.04974,78.21842,124779097,9.661568e+009
601318.SHSE,2020-02-05,78.34484,79.09367,77.56684,78.16979,77449315,6.06297e+009
601318.SHSE,2020-02-06,78.9478,79.71607,78.16979,79.27845,69119547,5.451124e+009
601318.SHSE,2020-02-07,78.38374,78.96725,78.20869,78.80192,50553113,3.968082e+009
601318.SHSE,2020-02-10,78.14062,78.42264,77.70299,78.09199,61038830,4.75966e+009
601318.SHSE,2020-02-11,78.66577,79.6091,78.28649,78.89917,60084358,4.748598e+009
601318.SHSE,2020-02-12,78.87,79.2201,78.33512,78.96725,45690245,3.595992e+009
601318.SHSE,2020-02-13,78.96725,78.96725,78.15034,78.23787,57851122,4.532121e+009
601318.SHSE,2020-02-14,78.16007,79.0256,78.00447,78.77275,44088845,3.460459e+009
601318.SHSE,2020-02-17,78.77275,80.22178,78.48099,80.12452,69729223,5.545284e+009
601318.SHSE,2020-02-18,79.56047,79.85222,79.20065,79.30762,52771067,4.192775e+009
601318.SHSE,2020-02-19,78.80192,79.97865,78.78247,79.4535,47349381,3.760231e+009
601318.SHSE,2020-02-20,79.74525,81.31098,79.11312,80.99005,85659638,6.866908e+009
601318.SHSE,2020-02-21,80.2315,80.94143,79.74525,80.1148,112483540,9.020541e+009
601318.SHSE,2020-02-24,78.77275,79.0645,78.28649,78.50044,106436987,8.361286e+009
601318.SHSE,2020-02-25,77.60574,78.11144,77.32372,77.98502,89357144,6.948571e+009
601318.SHSE,2020-02-26,77.26537,78.53934,76.93471,77.63492,86803483,6.737173e+009
601318.SHSE,2020-02-27,77.41124,78.18924,77.11949,77.59602,68564636,5.318014e+009
601318.SHSE,2020-02-28,76.43874,77.10977,75.57321,75.58294,101174300,7.697149e+009
601318.SHSE,2020-03-02,76.16644,77.99474,76.16644,77.39179,73246394,5.66919e+009
601318.SHSE,2020-03-03,78.26704,78.35457,77.08059,77.30427,69741520,5.418803e+009
601318.SHSE,2020-03-04,77.70299,78.52962,77.70299,78.36429,69673259,5.443424e+009
601318.SHSE,2020-03-05,78.78247,80.48435,78.40319,80.18288,98780433,7.866802e+009
601318.SHSE,2020-03-06,79.32707,79.66745,78.57825,78.68522,60070360,4.739602e+009
601318.SHSE,2020-03-09,76.74021,76.82774,75.87469,75.99139,108491447,8.277313e+009
601318.SHSE,2020-03-10,75.99139,77.58629,75.68991,77.00279,73727944,5.64529e+009
601318.SHSE,2020-03-11,77.00279,77.07087,76.00111,76.00111,60812554,4.645176e+009
601318.SHSE,2020-03-12,75.12586,75.34953,74.42566,74.54236,92677400,6.925926e+009
601318.SHSE,2020-03-13,70.15637,73.89078,70.11747,72.6557,119912987,8.615759e+009
601318.SHSE,2020-03-16,72.45148,72.47093,69.82572,70.02022,100685902,7.135464e+009
601318.SHSE,2020-03-17,69.67984,70.99272,68.94074,70.15637,97780967,6.841594e+009
601318.SHSE,2020-03-18,70.53564,70.87602,67.92934,67.94879,87627604,6.077849e+009
601318.SHSE,2020-03-19,67.19996,67.94879,64.4964,65.94543,127172934,8.385523e+009
601318.SHSE,2020-03-20,66.82068,67.49171,65.49808,67.10271,91235638,6.081161e+009
601318.SHSE,2020-03-23,64.1852,65.64395,64.1852,64.9243,70342162,4.566662e+009
601318.SHSE,2020-03-24,66.08158,67.15133,65.95516,67.05408,81401618,5.419439e+009
601318.SHSE,2020-03-25,68.65871,69.27139,67.95851,68.41559,95443013,6.547779e+009
601318.SHSE,2020-03-26,67.56951,69.04772,67.44309,68.25999,56541698,3.859229e+009
601318.SHSE,2020-03-27,69.29084,69.32974,67.80291,67.80291,62013609,4.246256e+009
601318.SHSE,2020-03-30,66.71371,67.48199,66.56783,67.24858,48118715,3.222984e+009
601318.SHSE,2020-03-31,68.18219,68.41559,67.11243,67.26803,43739489,2.967825e+009
601318.SHSE,2020-04-01,67.10271,68.53229,67.00546,67.41391,57267553,3.887227e+009
601318.SHSE,2020-04-02,66.51921,67.75429,65.89681,67.75429,52650663,3.512801e+009
601318.SHSE,2020-04-03,67.19996,67.35556,66.52893,66.96656,43213662,2.892833e+009
601318.SHSE,2020-04-07,68.15301,68.36696,67.64731,68.04604,63685935,4.33083e+009
601318.SHSE,2020-04-08,67.65704,67.88071,67.41391,67.48199,37270698,2.521692e+009
601318.SHSE,2020-04-09,67.73484,68.03631,67.47226,67.72511,37872185,2.56777e+009
601318.SHSE,2020-04-10,67.73484,70.43839,67.47226,69.03799,78791489,5.445247e+009
601318.SHSE,2020-04-13,68.51284,68.84349,68.07521,68.20164,36521210,2.495812e+009
601318.SHSE,2020-04-14,68.73651,69.21304,68.31834,69.06717,44184620,3.041154e+009
601318.SHSE,2020-04-15,69.11579,69.41727,68.70734,68.90184,39230236,2.707409e+009
601318.SHSE,2020-04-16,68.56146,68.76569,68.23081,68.44476,29094264,1.992747e+009
601318.SHSE,2020-04-17,69.14497,71.30392,68.84349,70.40922,92923050,6.519197e+009
601318.SHSE,2020-04-20,70.88575,71.77072,70.11747,71.47897,67269094,4.785646e+009
601318.SHSE,2020-04-21,71.04135,71.45952,69.54369,70.38004,58507202,4.118269e+009
601318.SHSE,2020-04-22,70.02022,70.08829,69.51452,70.08829,38835164,2.709336e+009
601318.SHSE,2020-04-23,70.39949,70.79822,69.84517,70.17582,33898724,2.379813e+009
601318.SHSE,2020-04-24,69.07689,69.07689,68.36696,68.56146,68597852,4.705919e+009
601318.SHSE,2020-04-27,68.67816,69.64094,68.67816,69.24222,49514276,3.433519e+009
601318.SHSE,2020-04-28,69.53397,70.68152,69.01854,70.38977,63123121,4.420135e+009
601318.SHSE,2020-04-29,70.38977,72.15973,70.38977,71.96522,54617452,3.917886e+009
601318.SHSE,2020-04-30,72.41258,73.22948,72.16945,72.41258,50000330,3.635526e+009
601318.SHSE,2020-05-06,71.28447,71.94577,70.89547,71.78045,64695723,4.61301e+009
601318.SHSE,2020-05-07,71.67347,71.67347,70.80795,71.2164,41452096,2.946803e+009
601318.SHSE,2020-05-08,72.06405,72.5491,71.33153,72.23233,40885277,2.944391e+009
601318.SHSE,2020-05-11,72.37092,74.04383,72.37092,73.15293,50082019,3.677832e+009
601318.SHSE,2020-05-12,73.15293,73.57858,72.72728,73.18263,41969311,3.071896e+009
601318.SHSE,2020-05-13,72.85596,73.18263,71.91557,72.59859,29192144,2.118699e+009
601318.SHSE,2020-05-14,72.26203,72.26203,71.44042,71.49981,35328655,2.535717e+009
601318.SHSE,2020-05-15,71.87597,72.36102,71.45032,71.49981,32074982,2.301778e+009
601318.SHSE,2020-05-18,71.47012,72.24223,70.96527,71.47012,31161281,2.228957e+009
601318.SHSE,2020-05-19,72.44021,72.85596,71.87597,72.16304,34507162,2.493797e+009
601318.SHSE,2020-05-20,72.26203,72.45011,71.76708,72.21254,27764157,2.000585e+009
601318.SHSE,2020-05-21,72.46001,72.559,71.6285,71.6483,31587951,2.277526e+009
601318.SHSE,2020-05-22,71.33153,71.37113,69.39135,69.41114,58308877,4.091225e+009
601318.SHSE,2020-05-25,69.29236,69.37155,68.30247,69.32205,42136076,2.901603e+009
601318.SHSE,2020-05-26,70.27235,70.28225,69.60912,69.7972,27389736,1.912578e+009
601318.SHSE,2020-05-27,70.00508,70.85638,69.8071,69.93579,29008466,2.036205e+009
601318.SHSE,2020-05-28,69.96548,71.26224,69.96548,70.78709,41849105,2.961422e+009
601318.SHSE,2020-05-29,70.18326,70.57922,69.76751,69.99518,27118258,1.901687e+009
601318.SHSE,2020-06-01,70.6782,71.49981,70.50992,71.43052,46234679,3.296219e+009
601318.SHSE,2020-06-02,71.29194,73.77656,71.28204,73.52909,81880067,5.968449e+009
601318.SHSE,2020-06-03,74.24181,75.91473,74.24181,74.25171,100161389,7.515764e+009
601318.SHSE,2020-06-04,74.65757,74.94463,73.82606,74.3804,45851543,3.410379e+009
601318.SHSE,2020-06-05,74.3804,74.67736,73.64788,74.53878,35337992,2.618666e+009
601318.SHSE,2020-06-08,74.93474,76.43937,74.93474,75.94442,77480714,5.884342e+009
601318.SHSE,2020-06-09,75.95432,76.39977,75.54847,75.72665,39248450,2.977854e+009
601318.SHSE,2020-06-10,75.80584,75.92463,74.70706,74.81595,34898083,2.619977e+009
601318.SHSE,2020-06-11,74.44969,74.70706,73.05394,73.4697,59209906,4.367909e+009
601318.SHSE,2020-06-12,72.36102,73.4004,72.23233,73.4004,49324501,3.587207e+009
601318.SHSE,2020-06-15,72.93516,73.03414,71.71759,71.80668,55693393,4.024618e+009
601318.SHSE,2020-06-16,72.85596,72.93516,72.40061,72.71738,34539679,2.51033e+009
601318.SHSE,2020-06-17,72.46001,72.63819,71.86607,72.27193,32922397,2.375229e+009
601318.SHSE,2020-06-18,72.11355,73.02425,71.6483,72.65799,42290726,3.062399e+009
601318.SHSE,2020-06-19,72.69758,73.34101,72.26203,72.67778,64248483,4.672212e+009
601318.SHSE,2020-06-22,72.26203,73.17273,71.87597,72.03436,67869247,4.908549e+009
601318.SHSE,2020-06-23,71.76708,71.86607,70.94548,71.23254,78759801,5.610393e+009
601318.SHSE,2020-06-24,71.51961,72.11355,71.28204,71.52951,61131623,4.380603e+009
601318.SHSE,2020-06-29,71.34143,71.52951,70.08427,70.29215,72213803,5.089513e+009
601318.SHSE,2020-06-30,70.63861,71.05436,70.28225,70.6782,45611409,3.222062e+009
601318.SHSE,2020-07-01,70.86628,72.75698,70.48023,72.75698,97744105,7.027222e+009
601318.SHSE,2020-07-02,72.5392,75.2416,72.26203,75.2317,148952479,1.100177e+010
601318.SHSE,2020-07-03,75.38019,77.69653,75.37029,77.17189,172122014,1.319796e+010
601318.SHSE,2020-07-06,78.32016,84.02193,78.32016,83.26962,283535777,2.31063e+010
601318.SHSE,2020-07-07,86.1205,86.71444,82.35892,82.37871,224473383,1.892003e+010
601318.SHSE,2020-07-08,83.25972,86.1205,83.00235,84.82374,171371417,1.448652e+010
601318.SHSE,2020-07-09,85.42758,85.92252,84.04173,85.05142,143914585,1.224065e+010
601318.SHSE,2020-07-10,84.15062,84.50698,81.27994,81.50761,148159731,1.225153e+010
601318.SHSE,2020-07-13,81.08196,82.81427,80.686,81.52741,119156150,9.725535e+009
601318.SHSE,2020-07-14,81.53731,82.38861,79.7951,80.47812,99865350,8.093688e+009
601318.SHSE,2020-07-15,81.31953,81.5571,79.31005,79.40904,93219162,7.478184e+009
601318.SHSE,2020-07-16,80.47812,81.14135,77.31047,77.42926,133163170,1.054637e+010
601318.SHSE,2020-07-17,78.20137,78.58743,76.52846,77.23128,88397151,6.8496e+009
601318.SHSE,2020-07-20,78.25087,81.98276,78.25087,81.96296,139161588,1.121203e+010
601318.SHSE,2020-07-21,82.11144,82.35892,79.55753,79.94358,91401477,7.340189e+009
601318.SHSE,2020-07-22,79.39914,81.02256,78.63693,79.12197,88647475,7.056924e+009
601318.SHSE,2020-07-23,78.20137,79.07248,77.23128,78.20137,79008759,6.158187e+009
601318.SHSE,2020-07-24,78.08259,78.09249,75.60786,76.22159,108364819,8.306516e+009
601318.SHSE,2020-07-27,76.49876,77.00361,74.93474,75.65736,74230306,5.615186e+009
601318.SHSE,2020-07-28,76.21169,76.51856,75.18221,75.60786,64639321,4.893528e+009
601318.SHSE,2020-07-29,75.2317,77.21148,74.98423,76.51856,71004321,5.415279e+009
601318.SHSE,2020-07-30,76.60765,76.64725,75.2515,75.2614,65284297,4.940868e+009
601318.SHSE,2020-07-31,75.2317,76.46907,74.43979,75.13271,75616462,5.701005e+009
601318.SHSE,2020-08-03,75.57816,75.90483,75.01393,75.66725,86398180,6.513675e+009
601318.SHSE,2020-08-04,76.03351,78.54784,75.42968,77.87471,149659096,1.155401e+010
601318.SHSE,2020-08-05,77.15209,77.16199,75.82564,76.35028,79585132,6.075388e+009
601318.SHSE,2020-08-06,76.22159,77.1026,75.43958,76.37008,65417621,4.979623e+009
601318.SHSE,2020-08-07,76.182,76.88482,75.2416,75.55837,55542386,4.215768e+009
601318.SHSE,2020-08-10,75.2515,76.90462,75.05352,76.23149,70722267,5.396775e+009
601318.SHSE,2020-08-11,76.66704,77.88461,75.73655,75.99392,78322678,6.036019e+009
601318.SHSE,2020-08-12,76.02362,76.67694,75.62766,76.37998,59199726,4.513022e+009
601318.SHSE,2020-08-13,76.71654,76.81553,75.73655,75.82564,42565853,3.236112e+009
601318.SHSE,2020-08-14,75.69695,77.69653,75.56827,77.39956,63893280,4.893057e+009
601318.SHSE,2020-08-17,77.43916,81.73529,77.43916,80.28015,175716364,1.407789e+010
601318.SHSE,2020-08-18,79.98318,80.08217,78.59733,78.94379,85110998,6.735058e+009
601318.SHSE,2020-08-19,78.79531,79.30015,77.37977,77.37977,57050114,4.458977e+009
601318.SHSE,2020-08-20,77.31047,77.31047,76.37008,76.81553,50351258,3.863022e+009
601318.SHSE,2020-08-21,77.50845,77.9638,76.76603,77.45896,42879406,3.31562e+009
601318.SHSE,2020-08-24,78.15188,78.20137,76.84522,77.01351,47763289,3.698164e+009
601318.SHSE,2020-08-25,77.21148,78.08259,76.81553,77.32037,53589690,4.149072e+009
601318.SHSE,2020-08-26,77.21148,77.26098,75.82564,76.02362,54831814,4.191633e+009
601318.SHSE,2020-08-27,76.37008,76.38987,75.2317,75.76624,45341727,3.425207e+009
601318.SHSE,2020-08-28,75.69695,77.41936,75.08322,77.1026,77284092,5.893644e+009
601318.SHSE,2020-08-31,77.1026,78.0034,75.80584,75.84543,73051463,5.624026e+009
601318.SHSE,2020-09-01,75.31089,75.81574,75.2317,75.60786,47606316,3.593513e+009
601318.SHSE,2020-09-02,75.83554,76.02362,74.83575,75.16241,56205865,4.229575e+009
601318.SHSE,2020-09-03,75.2218,75.64746,74.3903,74.62787,60596242,4.540579e+009
601318.SHSE,2020-09-04,74.04383,74.3408,73.79636,74.06363,48313991,3.575937e+009
601318.SHSE,2020-09-07,74.06363,75.47918,73.99434,74.30121,63971778,4.787526e+009
601318.SHSE,2020-09-08,75.2119,76.67694,74.93474,76.36018,87487435,6.642256e+009
601318.SHSE,2020-09-09,75.60786,76.76603,75.55837,75.70685,52933330,4.026859e+009
601318.SHSE,2020-09-10,76.182,76.55816,75.62766,75.74645,53577057,4.078037e+009
601318.SHSE,2020-09-11,75.63756,76.71654,75.39008,76.42947,46689819,3.557565e+009
601318.SHSE,2020-09-14,76.83533,78.30036,76.83533,77.75592,73744685,5.730572e+009
601318.SHSE,2020-09-15,77.75592,79.66641,76.76603,79.10218,102470941,8.095819e+009
601318.SHSE,2020-09-16,79.29,79.49,78.44,78.6,46794754,3.693758e+009
601318.SHSE,2020-09-17,79.11,79.78,78.7,79,66830642,5.303741e+009
601318.SHSE,2020-09-18,79.6,83.06,79.48,82.89,177600775,1.452278e+010
601318.SHSE,2020-09-21,82.9,83.08,80.93,80.93,84531359,6.909679e+009
601318.SHSE,2020-09-22,79.7,80.73,79,79.07,67938147,5.407049e+009
601318.SHSE,2020-09-23,79.5,79.57,78.44,78.56,36211616,2.85519e+009
601318.SHSE,2020-09-24,78.19,78.5,77,77.07,60837288,4.720618e+009
601318.SHSE,2020-09-25,77.86,77.88,77,77.59,35668375,2.760348e+009
601318.SHSE,2020-09-28,77.59,78.59,77.41,77.95,37177371,2.897252e+009
601318.SHSE,2020-09-29,78.49,78.5,76.7,76.8,51992004,4.014297e+009
601318.SHSE,2020-09-30,76.9,77.44,76.01,76.26,47625773,3.652746e+009
601318.SHSE,2020-10-09,77.27,78.45,77.26,77.9,47428848,3.700953e+009
601318.SHSE,2020-10-12,78.35,81.15,78.31,80.86,86992879,7.002974e+009
601318.SHSE,2020-10-13,80.67,81.85,79.96,81.38,56442934,4.572862e+009
601318.SHSE,2020-10-14,81.5,81.51,80.5,81.38,50039556,4.060079e+009
601318.SHSE,2020-10-15,81.4,82.86,81.3,81.4,55502187,4.555169e+009
601318.SHSE,2020-10-16,81.8,82.89,81.5,82,60703280,4.992394e+009
601318.SHSE,2020-10-19,82.67,84.38,81.81,81.85,91742376,7.642714e+009
601318.SHSE,2020-10-20,81.75,82,81.11,81.23,41318580,3.363221e+009
601318.SHSE,2020-10-21,81.75,82.58,81.27,82.4,49249162,4.040506e+009
601318.SHSE,2020-10-22,82.52,82.88,80.28,82.1,46697087,3.811833e+009
601318.SHSE,2020-10-23,82.12,84.83,82.12,83.5,93880947,7.885043e+009
601318.SHSE,2020-10-26,83.6,84.37,81.18,82.2,59632529,4.915202e+009
601318.SHSE,2020-10-27,81.78,82.2,81,81.07,55925690,4.554557e+009
601318.SHSE,2020-10-28,80.51,81.06,79.06,79.58,76979681,6.137913e+009
601318.SHSE,2020-10-29,78.08,79.89,78.02,78.66,72755430,5.723421e+009
601318.SHSE,2020-10-30,78.65,79.45,77.64,77.83,76459869,5.985866e+009
601318.SHSE,2020-11-02,78.5,78.81,77.01,77.23,63872032,4.955637e+009
601318.SHSE,2020-11-03,77.77,79.34,77.4,79.16,61543284,4.838929e+009
601318.SHSE,2020-11-04,78.78,79.85,78.6,79.5,43467076,3.448542e+009
601318.SHSE,2020-11-05,80.35,81.68,80.2,80.94,53709524,4.346337e+009
601318.SHSE,2020-11-06,81.1,81.75,80.52,81.3,51038925,4.140944e+009
601318.SHSE,2020-11-09,82.5,83.5,82.3,82.98,80996545,6.72629e+009
601318.SHSE,2020-11-10,84.24,84.75,83.05,83.2,78900305,6.624999e+009
601318.SHSE,2020-11-11,83.2,84.03,82.65,83.52,54282531,4.534084e+009
601318.SHSE,2020-11-12,83.75,84.47,81.8,82.27,49054364,4.048789e+009
601318.SHSE,2020-11-13,81.08,81.7,79.63,80.34,70794237,5.675497e+009
601318.SHSE,2020-11-16,80.69,83.26,80.69,83.1,70143403,5.775793e+009
601318.SHSE,2020-11-17,83.1,84.72,83,84.03,82506392,6.94595e+009
601318.SHSE,2020-11-18,84.4,86.18,84.33,85.37,96965774,8.293242e+009
601318.SHSE,2020-11-19,85.2,85.75,84.51,85.42,54900519,4.675268e+009
601318.SHSE,2020-11-20,85.3,85.31,83.9,84.54,45298594,3.824039e+009
601318.SHSE,2020-11-23,85,86.44,84.65,86.22,78377584,6.717179e+009
601318.SHSE,2020-11-24,86.3,86.99,84.69,85,49992972,4.284343e+009
601318.SHSE,2020-11-25,85.99,88.55,85.97,87.25,122368908,1.073275e+010
601318.SHSE,2020-11-26,87.01,89.39,86.65,89.15,90924011,8.027343e+009
601318.SHSE,2020-11-27,89.5,90.26,88.51,90.1,74795473,6.694377e+009
601318.SHSE,2020-11-30,91,94.62,90.03,90.03,153919637,1.431607e+010
601318.SHSE,2020-12-01,90.7,93.38,89.65,93.38,85420603,7.840115e+009
601318.SHSE,2020-12-02,93.38,93.85,92.09,92.85,65068818,6.04958e+009
601318.SHSE,2020-12-03,92.79,93.43,91.21,91.87,50991723,4.689461e+009
601318.SHSE,2020-12-04,92.05,92.53,90.19,92.19,48929502,4.464928e+009
601318.SHSE,2020-12-07,92.78,92.98,89.02,90.38,62778839,5.675146e+009
601318.SHSE,2020-12-08,90,90.75,87.8,88.05,86333963,7.655879e+009
601318.SHSE,2020-12-09,88.5,89.48,87.79,87.87,52500504,4.650557e+009
601318.SHSE,2020-12-10,88,88.69,87.15,87.68,40575298,3.569376e+009
601318.SHSE,2020-12-11,88.5,88.9,85.46,86.1,71494237,6.185908e+009
601318.SHSE,2020-12-14,86.65,88.16,86.5,87.69,58386154,5.104281e+009
601318.SHSE,2020-12-15,86.99,86.99,85.37,86.3,63310377,5.440989e+009
601318.SHSE,2020-12-16,86.6,87.48,85.95,86.84,47070489,4.082011e+009
601318.SHSE,2020-12-17,86.96,89.06,86.53,88.98,68546267,6.030511e+009
601318.SHSE,2020-12-18,88.8,89.25,87.12,87.79,49981599,4.395183e+009
601318.SHSE,2020-12-21,87,87.75,86.01,87.05,59973257,5.206713e+009
601318.SHSE,2020-12-22,87.04,87.04,83.75,84.15,98595963,8.391031e+009
601318.SHSE,2020-12-23,84.22,85.39,83.77,84.85,55037110,4.650859e+009
601318.SHSE,2020-12-24,85.3,85.35,83.69,84.2,52479068,4.42469e+009
601318.SHSE,2020-12-25,83.6,83.6,81.86,83.2,69140797,5.712811e+009
601318.SHSE,2020-12-28,83.45,85.19,82.85,84.62,63519948,5.351449e+009
601318.SHSE,2020-12-29,84.95,86.08,84.69,85.5,51931564,4.44046e+009
601318.SHSE,2020-12-30,85.2,85.88,84.18,85.88,56570726,4.803061e+009
601318.SHSE,2020-12-31,85.59,87.68,85.59,86.98,79580939,6.906072e+009
